Five-Digit ZIP Code,Year,Annual Change (%),HPI,HPI from 2012,HPI with 2012 base,normalized_sale_price,zip_code,normalized_sale_price_2012
97201,1986,.,100.0,397.73,0.251426847,86369.11715,97201,343515.8896
97201,1987,5.95,105.95,397.73,0.266386745,91508.07962,97201,343515.8896
97201,1988,5.41,111.68,397.73,0.280793503,96457.03003,97201,343515.8896
97201,1989,9.27,122.03,397.73,0.306816182,105396.2337,97201,343515.8896
97201,1990,14.09,139.23,397.73,0.3500616,120251.7218,97201,343515.8896
97201,1991,14.13,158.91,397.73,0.399542403,137249.1641,97201,343515.8896
97201,1992,3.35,164.23,397.73,0.412918311,141844.0011,97201,343515.8896
97201,1993,9.81,180.35,397.73,0.453448319,155766.7028,97201,343515.8896
97201,1994,8.19,195.13,397.73,0.490609207,168532.0583,97201,343515.8896
97201,1995,12.18,218.9,397.73,0.550373369,189061.9974,97201,343515.8896
97201,1996,9.15,238.93,397.73,0.600734166,206361.7316,97201,343515.8896
97201,1997,5.03,250.96,397.73,0.630980816,216751.9364,97201,343515.8896
97201,1998,4.07,261.17,397.73,0.656651497,225570.2233,97201,343515.8896
97201,1999,2.52,267.76,397.73,0.673220526,231261.9481,97201,343515.8896
97201,2000,6.62,285.5,397.73,0.717823649,246583.8295,97201,343515.8896
97201,2001,5.16,300.24,397.73,0.754883967,259314.6373,97201,343515.8896
97201,2002,6.87,320.87,397.73,0.806753325,277132.5862,97201,343515.8896
97201,2003,2.01,327.31,397.73,0.822945214,282694.7573,97201,343515.8896
97201,2004,9.06,356.98,397.73,0.89754356,308320.4744,97201,343515.8896
97201,2005,6.82,381.31,397.73,0.958715712,329334.0806,97201,343515.8896
97201,2006,19.38,455.23,397.73,1.144570437,393178.132,97201,343515.8896
97201,2007,4.02,473.52,397.73,1.190556408,408975.0435,97201,343515.8896
97201,2008,2.05,483.21,397.73,1.214919669,417344.211,97201,343515.8896
97201,2009,-9.27,438.42,397.73,1.102305584,378659.4834,97201,343515.8896
97201,2010,-5.15,415.83,397.73,1.045508259,359148.6998,97201,343515.8896
97201,2011,-4.59,396.73,397.73,0.997485732,342652.1985,97201,343515.8896
97201,2012,0.25,397.73,397.73,1.0,343516.0,97201,343515.8896
97201,2013,7.9,429.16,397.73,1.079023458,403954.0,97201,343515.8896
97201,2014,10.62,474.74,397.73,1.193623815,375321.0,97201,343515.8896
97201,2015,5.95,502.97,397.73,1.264601614,438575.0,97201,343515.8896
97201,2016,8.12,543.8,397.73,1.367259196,465006.0,97201,343515.8896
97201,2017,2.56,557.74,397.73,1.402308098,515513.0,97201,343515.8896
97201,2018,0.3,559.4,397.73,1.406481784,547860.0,97201,343515.8896
97201,2019,2.72,574.6,397.73,1.444698665,475439.0,97201,343515.8896
97201,2020,0.24,576.01,397.73,1.448243783,538162.0,97201,343515.8896
97201,2021,6.13,611.3,397.73,1.536972318,599245.0,97201,343515.8896
97201,2022,12.99,690.68,397.73,1.736554949,533087.0,97201,343515.8896
97203,1979,.,100.0,459.73,0.217518979,41171.23466,97203,189276.5171
97203,1980,19.59,119.59,459.73,0.260130946,49236.67953,97203,189276.5171
97203,1981,6.64,127.54,459.73,0.277423705,52509.79269,97203,189276.5171
97203,1982,.,-1.0,459.73,-0.00217519,-411.7123466,97203,189276.5171
97203,1983,.,113.68,459.73,0.247275575,46803.45957,97203,189276.5171
97203,1984,10.4,125.5,459.73,0.272986318,51669.8995,97203,189276.5171
97203,1985,-11.54,111.01,459.73,0.241467818,45704.1876,97203,189276.5171
97203,1986,-8.45,101.63,459.73,0.221064538,41842.32579,97203,189276.5171
97203,1987,1.4,103.06,459.73,0.224175059,42431.07444,97203,189276.5171
97203,1988,-5.57,97.32,459.73,0.21168947,40067.84558,97203,189276.5171
97203,1989,3.06,100.3,459.73,0.218171535,41294.74837,97203,189276.5171
97203,1990,17.71,118.07,459.73,0.256824658,48610.87677,97203,189276.5171
97203,1991,8.55,128.16,459.73,0.278772323,52765.05435,97203,189276.5171
97203,1992,11.5,142.89,459.73,0.310812868,58829.57721,97203,189276.5171
97203,1993,8.06,154.4,459.73,0.335849303,63568.38632,97203,189276.5171
97203,1994,11.9,172.78,459.73,0.375829291,71135.65925,97203,189276.5171
97203,1995,19.18,205.91,459.73,0.447893329,84775.6893,97203,189276.5171
97203,1996,9.03,224.51,459.73,0.488351859,92433.53894,97203,189276.5171
97203,1997,13.05,253.8,459.73,0.552063168,104492.5936,97203,189276.5171
97203,1998,5.57,267.93,459.73,0.582798599,110310.089,97203,189276.5171
97203,1999,4.39,279.71,459.73,0.608422335,115160.0605,97203,189276.5171
97203,2000,4.31,291.77,459.73,0.634655124,120125.3114,97203,189276.5171
97203,2001,7.21,312.82,459.73,0.680442869,128791.8563,97203,189276.5171
97203,2002,4.93,328.24,459.73,0.713984295,135140.4607,97203,189276.5171
97203,2003,5.24,345.45,459.73,0.751419311,142226.0301,97203,189276.5171
97203,2004,8.89,376.16,459.73,0.81821939,154869.7163,97203,189276.5171
97203,2005,17.78,443.05,459.73,0.963717834,182409.1552,97203,189276.5171
97203,2006,17.53,520.73,459.73,1.132686577,214390.9703,97203,189276.5171
97203,2007,8.69,565.99,459.73,1.231135667,233025.0711,97203,189276.5171
97203,2008,-0.66,562.24,459.73,1.222978705,231481.1498,97203,189276.5171
97203,2009,-7.57,519.67,459.73,1.130380876,213954.5552,97203,189276.5171
97203,2010,-5.64,490.35,459.73,1.066604311,201883.1492,97203,189276.5171
97203,2011,-6.83,456.87,459.73,0.993778957,188099.0198,97203,189276.5171
97203,2012,0.63,459.73,459.73,1.0,189277.0,97203,189276.5171
97203,2013,10.52,508.09,459.73,1.105192178,230447.0,97203,189276.5171
97203,2014,12.53,571.75,459.73,1.24366476,246760.0,97203,189276.5171
97203,2015,11.7,638.64,459.73,1.389163204,275326.0,97203,189276.5171
97203,2016,16.91,746.62,459.73,1.624040198,327056.0,97203,189276.5171
97203,2017,8.99,813.77,459.73,1.770104192,359520.0,97203,189276.5171
97203,2018,3.03,838.39,459.73,1.823657364,371433.0,97203,189276.5171
97203,2019,2.46,859.05,459.73,1.868596785,378610.0,97203,189276.5171
97203,2020,2.98,884.64,459.73,1.924259892,402680.0,97203,189276.5171
97203,2021,12.42,994.51,459.73,2.163247993,472393.0,97203,189276.5171
97203,2022,8.65,1080.57,459.73,2.350444826,485915.0,97203,189276.5171
97205,1986,.,100.0,363.67,0.274974565,84820.35924,97205,308466.2005
97205,1987,11.49,111.49,363.67,0.306569142,94566.21852,97205,308466.2005
97205,1988,1.89,113.6,363.67,0.312371106,96355.9281,97205,308466.2005
97205,1989,15.81,131.55,363.67,0.36172904,111581.1826,97205,308466.2005
97205,1990,19.51,157.22,363.67,0.432315011,133354.5688,97205,308466.2005
97205,1991,6.65,167.69,363.67,0.461104848,142235.2604,97205,308466.2005
97205,1992,2.47,171.82,363.67,0.472461297,145738.3413,97205,308466.2005
97205,1993,5.02,180.45,363.67,0.496191602,153058.3383,97205,308466.2005
97205,1994,0,180.46,363.67,0.4962191,153066.8203,97205,308466.2005
97205,1995,6.44,192.09,363.67,0.528198642,162931.4281,97205,308466.2005
97205,1996,17.04,224.81,363.67,0.618170319,190684.6496,97205,308466.2005
97205,1997,4.2,234.24,363.67,0.644100421,198683.2095,97205,308466.2005
97205,1998,3.44,242.29,363.67,0.666235873,205511.2484,97205,308466.2005
97205,1999,7.76,261.08,363.67,0.717903594,221448.9939,97205,308466.2005
97205,2000,3.52,270.26,363.67,0.743146259,229235.5029,97205,308466.2005
97205,2001,7.48,290.48,363.67,0.798746116,246386.1795,97205,308466.2005
97205,2002,4.19,302.64,363.67,0.832183023,256700.3352,97205,308466.2005
97205,2003,-0.56,300.96,363.67,0.82756345,255275.3532,97205,308466.2005
97205,2004,12.02,337.14,363.67,0.927049248,285963.3592,97205,308466.2005
97205,2005,-0.75,334.62,363.67,0.920119889,283825.8861,97205,308466.2005
97205,2006,47.03,492.01,363.67,1.352902357,417324.6495,97205,308466.2005
97205,2007,-9.11,447.2,363.67,1.229686254,379316.6465,97205,308466.2005
97205,2008,3.72,463.84,363.67,1.275442022,393430.7543,97205,308466.2005
97205,2009,-5.42,438.71,363.67,1.206340913,372115.398,97205,308466.2005
97205,2010,-7.7,404.93,363.67,1.113454505,343463.0807,97205,308466.2005
97205,2011,2.67,415.76,363.67,1.143234251,352649.1256,97205,308466.2005
97205,2012,-12.53,363.67,363.67,1.0,308466.0,97205,308466.2005
97205,2013,7.03,389.24,363.67,1.070310996,403064.0,97205,308466.2005
97205,2014,11.12,432.54,363.67,1.189374983,339741.0,97205,308466.2005
97205,2015,1.44,438.77,363.67,1.206505898,388197.0,97205,308466.2005
97205,2016,1.63,445.94,363.67,1.226221575,469161.0,97205,308466.2005
97205,2017,20.36,536.73,363.67,1.475870982,485895.0,97205,308466.2005
97205,2018,2.32,549.2,363.67,1.51016031,476012.0,97205,308466.2005
97205,2019,3.65,569.27,363.67,1.565347705,390374.0,97205,308466.2005
97205,2020,-3.24,550.85,363.67,1.51469739,426357.0,97205,308466.2005
97205,2021,-0.47,548.26,363.67,1.507575549,540923.0,97205,308466.2005
97205,2022,11.31,610.26,363.67,1.678059779,454154.0,97205,308466.2005
97206,1976,.,100.0,722.23,0.138460047,27001.9404,97206,195016.1142
97206,1977,32.7,132.7,722.23,0.183736483,35831.57491,97206,195016.1142
97206,1978,14.52,151.97,722.23,0.210417734,41034.84883,97206,195016.1142
97206,1979,16.56,177.14,722.23,0.245268128,47831.23723,97206,195016.1142
97206,1980,7.07,189.66,722.23,0.262603326,51211.88017,97206,195016.1142
97206,1981,6.68,202.33,722.23,0.280146214,54633.02602,97206,195016.1142
97206,1982,-19.26,163.37,722.23,0.226202179,44113.07004,97206,195016.1142
97206,1983,6.84,174.54,722.23,0.241668167,47129.18678,97206,195016.1142
97206,1984,4.13,181.75,722.23,0.251651136,49076.02668,97206,195016.1142
97206,1985,1.14,183.83,722.23,0.254531105,49637.66704,97206,195016.1142
97206,1986,-5.67,173.41,722.23,0.240103568,46824.06485,97206,195016.1142
97206,1987,-2.28,169.46,722.23,0.234634396,45757.48821,97206,195016.1142
97206,1988,-1.09,167.6,722.23,0.232059039,45255.25212,97206,195016.1142
97206,1989,6.54,178.56,722.23,0.247234261,48214.66478,97206,195016.1142
97206,1990,12.86,201.52,722.23,0.279024687,54414.3103,97206,195016.1142
97206,1991,11.93,225.56,722.23,0.312310483,60905.57677,97206,195016.1142
97206,1992,7.75,243.05,722.23,0.336527145,65628.21615,97206,195016.1142
97206,1993,11.73,271.55,722.23,0.375988259,73323.76916,97206,195016.1142
97206,1994,10.62,300.4,722.23,0.415933982,81113.82897,97206,195016.1142
97206,1995,15.67,347.47,722.23,0.481107127,93823.64232,97206,195016.1142
97206,1996,10.73,384.76,722.23,0.532738878,103892.6659,97206,195016.1142
97206,1997,10.64,425.7,722.23,0.589424422,114947.2603,97206,195016.1142
97206,1998,5.22,447.93,722.23,0.62020409,120949.7916,97206,195016.1142
97206,1999,3.1,461.81,722.23,0.639422345,124697.661,97206,195016.1142
97206,2000,4.12,480.82,722.23,0.6657436,129830.7298,97206,195016.1142
97206,2001,5.73,508.38,722.23,0.703903189,137272.4646,97206,195016.1142
97206,2002,4.29,530.22,722.23,0.734142863,143169.6884,97206,195016.1142
97206,2003,3.77,550.22,722.23,0.761834873,148570.0765,97206,195016.1142
97206,2004,9.91,604.74,722.23,0.83732329,163291.5344,97206,195016.1142
97206,2005,15.15,696.33,722.23,0.964138848,188022.6116,97206,195016.1142
97206,2006,15.96,807.46,722.23,1.118009498,218029.868,97206,195016.1142
97206,2007,9.59,884.89,722.23,1.225219113,238937.4704,97206,195016.1142
97206,2008,-0.29,882.33,722.23,1.221674536,238246.2208,97206,195016.1142
97206,2009,-7.98,811.91,722.23,1.12417097,219231.4543,97206,195016.1142
97206,2010,-4.66,774.1,722.23,1.071819227,209022.0207,97206,195016.1142
97206,2011,-6.85,721.06,722.23,0.998380017,194700.1915,97206,195016.1142
97206,2012,0.16,722.23,722.23,1.0,195016.0,97206,195016.1142
97206,2013,10.45,797.67,722.23,1.10445426,234133.0,97206,195016.1142
97206,2014,12.06,893.87,722.23,1.237652825,265557.0,97206,195016.1142
97206,2015,11.58,997.4,722.23,1.381000512,299163.0,97206,195016.1142
97206,2016,17.11,1168.08,722.23,1.617324121,343063.0,97206,195016.1142
97206,2017,7.17,1251.8,722.23,1.733242873,370076.0,97206,195016.1142
97206,2018,4.4,1306.91,722.23,1.809548205,379496.0,97206,195016.1142
97206,2019,2.01,1333.23,722.23,1.845990889,393205.0,97206,195016.1142
97206,2020,3.33,1377.57,722.23,1.907384074,416335.0,97206,195016.1142
97206,2021,11.41,1534.8,722.23,2.125084807,469948.0,97206,195016.1142
97206,2022,9.3,1677.59,722.23,2.322791908,500832.0,97206,195016.1142
97210,1985,.,100.0,512.08,0.195281987,86113.43515,97210,440969.6787
97210,1986,9.12,109.12,512.08,0.213091704,93966.98044,97210,440969.6787
97210,1987,6.7,116.43,512.08,0.227366818,100261.8725,97210,440969.6787
97210,1988,8.44,126.26,512.08,0.246563037,108726.8232,97210,440969.6787
97210,1989,14.34,144.36,512.08,0.281909077,124313.355,97210,440969.6787
97210,1990,18.66,171.3,512.08,0.334518044,147512.3144,97210,440969.6787
97210,1991,10.07,188.54,512.08,0.368184659,162358.2706,97210,440969.6787
97210,1992,6.81,201.38,512.08,0.393258866,173415.2357,97210,440969.6787
97210,1993,4.07,209.58,512.08,0.409271989,180476.5374,97210,440969.6787
97210,1994,6.43,223.06,512.08,0.435596001,192084.6284,97210,440969.6787
97210,1995,12.06,249.97,512.08,0.488146383,215257.7538,97210,440969.6787
97210,1996,9.26,273.11,512.08,0.533334635,235184.4027,97210,440969.6787
97210,1997,4.69,285.93,512.08,0.558369786,246224.1451,97210,440969.6787
97210,1998,6.62,304.86,512.08,0.595336666,262525.4184,97210,440969.6787
97210,1999,4.63,318.98,512.08,0.622910483,274684.6354,97210,440969.6787
97210,2000,7.11,341.65,512.08,0.667180909,294206.5512,97210,440969.6787
97210,2001,8.05,369.16,512.08,0.720902984,317896.3572,97210,440969.6787
97210,2002,6.63,393.62,512.08,0.768668958,338959.7034,97210,440969.6787
97210,2003,2.91,405.07,512.08,0.791028746,348819.6918,97210,440969.6787
97210,2004,7.3,434.64,512.08,0.848773629,374283.4345,97210,440969.6787
97210,2005,16.99,508.47,512.08,0.99295032,437860.9837,97210,440969.6787
97210,2006,12.56,572.35,512.08,1.117696454,492870.2461,97210,440969.6787
97210,2007,7.52,615.39,512.08,1.201745821,529933.4686,97210,440969.6787
97210,2008,-0.48,612.42,512.08,1.195945946,527375.8995,97210,440969.6787
97210,2009,-7.1,568.97,512.08,1.111095923,489959.612,97210,440969.6787
97210,2010,-5.58,537.2,512.08,1.049054835,462601.3736,97210,440969.6787
97210,2011,-6.64,501.54,512.08,0.979417279,431893.3227,97210,440969.6787
97210,2012,2.1,512.08,512.08,1.0,440970.0,97210,440969.6787
97210,2013,5.98,542.69,512.08,1.059775816,503381.0,97210,440969.6787
97210,2014,2.86,558.21,512.08,1.090083581,530242.0,97210,440969.6787
97210,2015,17.25,654.49,512.08,1.278101078,519614.0,97210,440969.6787
97210,2016,7.42,703.06,512.08,1.372949539,645367.0,97210,440969.6787
97210,2017,4.77,736.58,512.08,1.438408061,630900.0,97210,440969.6787
97210,2018,2.99,758.59,512.08,1.481389627,601861.0,97210,440969.6787
97210,2019,-5.48,717.02,512.08,1.400210905,634325.0,97210,440969.6787
97210,2020,4.89,752.05,512.08,1.468618185,698521.0,97210,440969.6787
97210,2021,5.55,793.77,512.08,1.55008983,722716.0,97210,440969.6787
97210,2022,11.45,884.68,512.08,1.727620684,750276.0,97210,440969.6787
97211,1977,.,100.0,834.85,0.119781997,35764.29619,97211,298578.2267
97211,1978,34.59,134.59,834.85,0.161214589,48135.16624,97211,298578.2267
97211,1979,9.69,147.63,834.85,0.176834162,52798.83046,97211,298578.2267
97211,1980,0.68,148.63,834.85,0.178031982,53156.47343,97211,298578.2267
97211,1981,-0.7,147.59,834.85,0.176786249,52784.52475,97211,298578.2267
97211,1982,.,-1.0,834.85,-0.00119782,-357.6429619,97211,298578.2267
97211,1983,.,167.59,834.85,0.200742648,59937.38398,97211,298578.2267
97211,1984,-5.1,159.04,834.85,0.190501288,56879.53666,97211,298578.2267
97211,1985,-9.59,143.79,834.85,0.172234533,51425.48149,97211,298578.2267
97211,1986,-3.16,139.25,834.85,0.16679643,49801.78244,97211,298578.2267
97211,1987,3.55,144.19,834.85,0.172713661,51568.53867,97211,298578.2267
97211,1988,1.94,146.98,834.85,0.176055579,52566.36254,97211,298578.2267
97211,1989,-5.23,139.3,834.85,0.166856321,49819.66459,97211,298578.2267
97211,1990,18.04,164.43,834.85,0.196957537,58807.23222,97211,298578.2267
97211,1991,16.79,192.04,834.85,0.230029347,68681.7544,97211,298578.2267
97211,1992,8.94,209.2,834.85,0.250583937,74818.90763,97211,298578.2267
97211,1993,10.7,231.59,834.85,0.277403126,82826.53354,97211,298578.2267
97211,1994,11.31,257.79,834.85,0.308786009,92196.77915,97211,298578.2267
97211,1995,15.58,297.97,834.85,0.356914416,106566.8734,97211,298578.2267
97211,1996,13.01,336.73,834.85,0.403341918,120429.1146,97211,298578.2267
97211,1997,13.24,381.31,834.85,0.456740732,136372.8378,97211,298578.2267
97211,1998,6.82,407.33,834.85,0.487908007,145678.7077,97211,298578.2267
97211,1999,5.63,430.28,834.85,0.515397976,153886.6136,97211,298578.2267
97211,2000,6.73,459.22,834.85,0.550062886,164236.801,97211,298578.2267
97211,2001,7.38,493.09,834.85,0.590633048,176350.1681,97211,298578.2267
97211,2002,8.29,533.99,834.85,0.639623885,190977.7652,97211,298578.2267
97211,2003,6.08,566.46,834.85,0.678517099,202590.4322,97211,298578.2267
97211,2004,12.26,635.91,834.85,0.761705696,227428.7359,97211,298578.2267
97211,2005,15.39,733.78,834.85,0.878936336,262431.2526,97211,298578.2267
97211,2006,17.3,860.77,834.85,1.031047494,307848.3323,97211,298578.2267
97211,2007,8.81,936.63,834.85,1.121914116,334979.1274,97211,298578.2267
97211,2008,0.37,940.09,834.85,1.126058573,336216.572,97211,298578.2267
97211,2009,-6.53,878.69,834.85,1.052512427,314257.2942,97211,298578.2267
97211,2010,-3.98,843.72,834.85,1.010624663,301750.5198,97211,298578.2267
97211,2011,-4.07,809.42,834.85,0.969539438,289483.3662,97211,298578.2267
97211,2012,3.14,834.85,834.85,1.0,298578.0,97211,298578.2267
97211,2013,10.86,925.51,834.85,1.108594358,328025.0,97211,298578.2267
97211,2014,10.31,1020.92,834.85,1.222878361,357883.0,97211,298578.2267
97211,2015,9.59,1118.85,834.85,1.340180871,392910.0,97211,298578.2267
97211,2016,13.81,1273.4,834.85,1.525303947,442129.0,97211,298578.2267
97211,2017,7.38,1367.33,834.85,1.637815176,475947.0,97211,298578.2267
97211,2018,1.36,1385.93,834.85,1.660094628,487706.0,97211,298578.2267
97211,2019,2.19,1416.32,834.85,1.696496377,504983.0,97211,298578.2267
97211,2020,2.2,1447.52,834.85,1.73386836,526212.0,97211,298578.2267
97211,2021,9.2,1580.68,834.85,1.893370066,581569.0,97211,298578.2267
97211,2022,8.82,1720.08,834.85,2.06034617,604072.0,97211,298578.2267
97213,1976,.,100.0,930.94,0.107418308,31225.2614,97213,290688.4485
97213,1977,25.23,125.23,930.94,0.134519948,39103.39485,97213,290688.4485
97213,1978,27.34,159.48,930.94,0.171310718,49798.04688,97213,290688.4485
97213,1979,9.87,175.22,930.94,0.18821836,54712.90303,97213,290688.4485
97213,1980,1.27,177.45,930.94,0.190613788,55409.22636,97213,290688.4485
97213,1981,-0.91,175.84,930.94,0.188884353,54906.49965,97213,290688.4485
97213,1982,.,-1.0,930.94,-0.001074183,-312.252614,97213,290688.4485
97213,1983,.,185.72,930.94,0.199497282,57991.55548,97213,290688.4485
97213,1984,-3.28,179.63,930.94,0.192955507,56089.93706,97213,290688.4485
97213,1985,-5.98,168.88,930.94,0.181408039,52733.22146,97213,290688.4485
97213,1986,2.05,172.35,930.94,0.185135454,53816.73803,97213,290688.4485
97213,1987,2.13,176.01,930.94,0.189066965,54959.58259,97213,290688.4485
97213,1988,4.32,183.61,930.94,0.197230756,57332.70246,97213,290688.4485
97213,1989,3.23,189.55,930.94,0.203611404,59187.48299,97213,290688.4485
97213,1990,21.7,230.67,930.94,0.247781812,72027.31048,97213,290688.4485
97213,1991,12.4,259.28,930.94,0.27851419,80960.85776,97213,290688.4485
97213,1992,8.88,282.31,930.94,0.303252626,88152.03546,97213,290688.4485
97213,1993,9.57,309.33,930.94,0.332277053,96589.10109,97213,290688.4485
97213,1994,10.05,340.41,930.94,0.365662664,106293.9123,97213,290688.4485
97213,1995,16.78,397.55,930.94,0.427041485,124136.0267,97213,290688.4485
97213,1996,8.48,431.25,930.94,0.463241455,134658.9398,97213,290688.4485
97213,1997,10.16,475.05,930.94,0.510290674,148335.6043,97213,290688.4485
97213,1998,4.94,498.52,930.94,0.535501751,155664.1731,97213,290688.4485
97213,1999,4.36,520.24,930.94,0.558833007,162446.2999,97213,290688.4485
97213,2000,8.02,561.97,930.94,0.603658668,175476.6015,97213,290688.4485
97213,2001,5.45,592.58,930.94,0.636539412,185034.654,97213,290688.4485
97213,2002,6.51,631.18,930.94,0.678002879,197087.6049,97213,290688.4485
97213,2003,4.87,661.91,930.94,0.711012525,206683.1277,97213,290688.4485
97213,2004,9.85,727.13,930.94,0.781070746,227048.2432,97213,290688.4485
97213,2005,16.95,850.41,930.94,0.913496036,265542.7455,97213,290688.4485
97213,2006,16.4,989.84,930.94,1.063269384,309080.1275,97213,290688.4485
97213,2007,6.8,1057.16,930.94,1.135583389,330100.9734,97213,290688.4485
97213,2008,0.04,1057.59,930.94,1.136045288,330235.2421,97213,290688.4485
97213,2009,-6.83,985.37,930.94,1.058467785,307684.3583,97213,290688.4485
97213,2010,-3.75,948.37,930.94,1.018723011,296131.0116,97213,290688.4485
97213,2011,-3.27,917.31,930.94,0.985358885,286432.4454,97213,290688.4485
97213,2012,1.49,930.94,930.94,1.0,290688.0,97213,290688.4485
97213,2013,8.09,1006.3,930.94,1.080950437,318902.0,97213,290688.4485
97213,2014,9.98,1106.68,930.94,1.188776935,340481.0,97213,290688.4485
97213,2015,10.03,1217.64,930.94,1.30796829,377637.0,97213,290688.4485
97213,2016,13.66,1383.96,930.94,1.486626421,429203.0,97213,290688.4485
97213,2017,5.9,1465.67,930.94,1.57439792,449375.0,97213,290688.4485
97213,2018,1.76,1491.51,930.94,1.602154811,458221.0,97213,290688.4485
97213,2019,0.59,1500.27,930.94,1.611564655,462680.0,97213,290688.4485
97213,2020,2.71,1540.95,930.94,1.655262423,481756.0,97213,290688.4485
97213,2021,9.73,1690.96,930.94,1.816400627,560123.0,97213,290688.4485
97213,2022,9.42,1850.24,930.94,1.987496509,582119.0,97213,290688.4485
97215,1977,.,100.0,722.13,0.138479221,45471.18408,97215,328361.0616
97215,1978,21.42,121.42,722.13,0.16814147,55211.11171,97215,328361.0616
97215,1979,9.63,133.11,722.13,0.184329691,60526.69313,97215,328361.0616
97215,1980,11.65,148.62,722.13,0.205807819,67579.27378,97215,328361.0616
97215,1981,.,-1.0,722.13,-0.001384792,-454.7118408,97215,328361.0616
97215,1982,.,132.07,722.13,0.182889507,60053.79281,97215,328361.0616
97215,1983,14.95,151.82,722.13,0.210239154,69034.35167,97215,328361.0616
97215,1984,-6.82,141.47,722.13,0.195906554,64328.08412,97215,328361.0616
97215,1985,-0.52,140.74,722.13,0.194895656,63996.14447,97215,328361.0616
97215,1986,-1.14,139.15,722.13,0.192693836,63273.15265,97215,328361.0616
97215,1987,1.13,140.71,722.13,0.194854112,63982.50312,97215,328361.0616
97215,1988,4.1,146.48,722.13,0.202844363,66606.19044,97215,328361.0616
97215,1989,5.59,154.67,722.13,0.214185811,70330.28041,97215,328361.0616
97215,1990,16.12,179.61,722.13,0.248722529,81670.79372,97215,328361.0616
97215,1991,12.99,202.94,722.13,0.281029731,92279.22097,97215,328361.0616
97215,1992,8.28,219.74,722.13,0.304294241,99918.37989,97215,328361.0616
97215,1993,8.93,239.36,722.13,0.331463864,108839.8262,97215,328361.0616
97215,1994,11.67,267.31,722.13,0.370168806,121549.0222,97215,328361.0616
97215,1995,13.71,303.95,722.13,0.420907593,138209.664,97215,328361.0616
97215,1996,9.82,333.81,722.13,0.462257488,151787.3596,97215,328361.0616
97215,1997,10.46,368.74,722.13,0.51062828,167670.4442,97215,328361.0616
97215,1998,3.74,382.54,722.13,0.529738413,173945.4676,97215,328361.0616
97215,1999,6.39,407.0,722.13,0.56361043,185067.7192,97215,328361.0616
97215,2000,5.04,427.51,722.13,0.592012519,194393.8591,97215,328361.0616
97215,2001,7.18,458.19,722.13,0.634497944,208344.4183,97215,328361.0616
97215,2002,6.07,486.01,722.13,0.673022863,220994.5017,97215,328361.0616
97215,2003,5.6,513.22,722.13,0.710703059,233367.2109,97215,328361.0616
97215,2004,9.95,564.28,722.13,0.781410549,256584.7975,97215,328361.0616
97215,2005,17.04,660.44,722.13,0.914572168,300309.8881,97215,328361.0616
97215,2006,14.08,753.45,722.13,1.043371692,342602.6364,97215,328361.0616
97215,2007,7.29,808.39,722.13,1.119452176,367584.505,97215,328361.0616
97215,2008,1.33,819.16,722.13,1.134366388,372481.7515,97215,328361.0616
97215,2009,-7.91,754.38,722.13,1.044659549,343025.5185,97215,328361.0616
97215,2010,-3.13,730.78,722.13,1.011978453,332294.319,97215,328361.0616
97215,2011,-2.92,709.47,722.13,0.982468531,322604.4097,97215,328361.0616
97215,2012,1.78,722.13,722.13,1.0,328361.0,97215,328361.0616
97215,2013,6.96,772.35,722.13,1.069544265,352858.0,97215,328361.0616
97215,2014,10.49,853.36,722.13,1.181726282,405039.0,97215,328361.0616
97215,2015,11.71,953.31,722.13,1.320136264,479042.0,97215,328361.0616
97215,2016,12.61,1073.57,722.13,1.486671375,495833.0,97215,328361.0616
97215,2017,4.25,1119.16,722.13,1.549804052,534616.0,97215,328361.0616
97215,2018,2.81,1150.66,722.13,1.593425007,564600.0,97215,328361.0616
97215,2019,0.81,1159.94,722.13,1.606275878,524553.0,97215,328361.0616
97215,2020,1.59,1178.35,722.13,1.631769903,565069.0,97215,328361.0616
97215,2021,9.56,1291.03,722.13,1.787808289,651545.0,97215,328361.0616
97215,2022,11.15,1434.92,722.13,1.987066041,690200.0,97215,328361.0616
97216,1977,.,100.0,485.38,0.206024146,34492.09875,97216,167417.7489
97216,1978,18.35,118.35,485.38,0.243829577,40821.39887,97216,167417.7489
97216,1979,40.49,166.26,485.38,0.342535745,57346.56338,97216,167417.7489
97216,1980,-2.01,162.92,485.38,0.335654539,56194.52729,97216,167417.7489
97216,1981,.,-1.0,485.38,-0.002060241,-344.9209875,97216,167417.7489
97216,1982,.,-1.0,485.38,-0.002060241,-344.9209875,97216,167417.7489
97216,1983,.,159.68,485.38,0.328979356,55076.98329,97216,167417.7489
97216,1984,2.61,163.85,485.38,0.337570563,56515.3038,97216,167417.7489
97216,1985,-8.55,149.85,485.38,0.308727183,51686.40998,97216,167417.7489
97216,1986,-5.55,141.53,485.38,0.291585974,48816.66736,97216,167417.7489
97216,1987,4.97,148.57,485.38,0.306090074,51244.91111,97216,167417.7489
97216,1988,-10.01,133.69,485.38,0.275433681,46112.48682,97216,167417.7489
97216,1989,11.11,148.55,485.38,0.306048869,51238.01269,97216,167417.7489
97216,1990,14.16,169.59,485.38,0.349396349,58495.15027,97216,167417.7489
97216,1991,12.18,190.25,485.38,0.391960938,65621.21787,97216,167417.7489
97216,1992,10.89,210.97,485.38,0.434649141,72767.98074,97216,167417.7489
97216,1993,7.67,227.16,485.38,0.46800445,78352.25152,97216,167417.7489
97216,1994,11.45,253.17,485.38,0.521591331,87323.64641,97216,167417.7489
97216,1995,8.73,275.26,485.38,0.567102064,94942.95102,97216,167417.7489
97216,1996,12.9,310.76,485.38,0.640240636,107187.6461,97216,167417.7489
97216,1997,9.63,340.7,485.38,0.701924266,117514.5804,97216,167417.7489
97216,1998,4.54,356.18,485.38,0.733816803,122853.9573,97216,167417.7489
97216,1999,2.63,365.54,485.38,0.753100663,126082.4178,97216,167417.7489
97216,2000,3.81,379.48,485.38,0.781820429,130890.6163,97216,167417.7489
97216,2001,2.95,390.68,485.38,0.804895134,134753.7314,97216,167417.7489
97216,2002,4.16,406.94,485.38,0.83839466,140362.1467,97216,167417.7489
97216,2003,3.28,420.3,485.38,0.865919486,144970.2911,97216,167417.7489
97216,2004,7.04,449.87,485.38,0.926840826,155169.6047,97216,167417.7489
97216,2005,14.98,517.24,485.38,1.065639293,178406.9316,97216,167417.7489
97216,2006,16.64,603.3,485.38,1.242943673,208090.8318,97216,167417.7489
97216,2007,5.48,636.34,485.38,1.311014051,219487.0212,97216,167417.7489
97216,2008,0.54,639.78,485.38,1.318101281,220673.5494,97216,167417.7489
97216,2009,-11.26,567.73,485.38,1.169660884,195821.9922,97216,167417.7489
97216,2010,-6.89,528.6,485.38,1.089043636,182325.234,97216,167417.7489
97216,2011,-9.19,480.01,485.38,0.988936503,165565.5232,97216,167417.7489
97216,2012,1.12,485.38,485.38,1.0,167418.0,97216,167417.7489
97216,2013,8.84,528.31,485.38,1.088446166,184545.0,97216,167417.7489
97216,2014,10.88,585.8,485.38,1.206889447,215818.0,97216,167417.7489
97216,2015,14.67,671.74,485.38,1.383946599,242258.0,97216,167417.7489
97216,2016,15.57,776.36,485.38,1.59948906,291023.0,97216,167417.7489
97216,2017,10.29,856.24,485.38,1.764061148,315143.0,97216,167417.7489
97216,2018,5.65,904.66,485.38,1.863818039,336948.0,97216,167417.7489
97216,2019,0.81,911.94,485.38,1.878816597,340165.0,97216,167417.7489
97216,2020,5.1,958.44,485.38,1.974617825,367607.0,97216,167417.7489
97216,2021,12.96,1082.62,485.38,2.23045861,422056.0,97216,167417.7489
97216,2022,8.59,1175.65,485.38,2.422122873,434689.0,97216,167417.7489
97217,1977,.,100.0,807.23,0.123880431,29874.15058,97217,241153.1057
97217,1978,26.19,126.19,807.23,0.156324715,37698.19062,97217,241153.1057
97217,1979,24.8,157.49,807.23,0.19509929,47048.79975,97217,241153.1057
97217,1980,3.28,162.66,807.23,0.201503908,48593.29333,97217,241153.1057
97217,1981,-16.88,135.21,807.23,0.16749873,40392.839,97217,241153.1057
97217,1982,.,-1.0,807.23,-0.001238804,-298.7415058,97217,241153.1057
97217,1983,.,142.57,807.23,0.17661633,42591.57648,97217,241153.1057
97217,1984,17.4,167.38,807.23,0.207351065,50003.35324,97217,241153.1057
97217,1985,-2.91,162.52,807.23,0.201330476,48551.46952,97217,241153.1057
97217,1986,-11.35,144.07,807.23,0.178474536,43039.68874,97217,241153.1057
97217,1987,5.33,151.75,807.23,0.187988553,45334.0235,97217,241153.1057
97217,1988,-6.07,142.54,807.23,0.176579166,42582.61424,97217,241153.1057
97217,1989,7.22,152.83,807.23,0.189326462,45656.66433,97217,241153.1057
97217,1990,7.22,163.87,807.23,0.203002862,48954.77055,97217,241153.1057
97217,1991,16.11,190.27,807.23,0.235707295,56841.54631,97217,241153.1057
97217,1992,9.12,207.62,807.23,0.25720055,62024.71143,97217,241153.1057
97217,1993,11.33,231.16,807.23,0.286362003,69057.08648,97217,241153.1057
97217,1994,11.72,258.25,807.23,0.319921212,77149.99387,97217,241153.1057
97217,1995,18.82,306.85,807.23,0.380127101,91668.83105,97217,241153.1057
97217,1996,10.69,339.65,807.23,0.420759883,101467.5524,97217,241153.1057
97217,1997,12.54,382.25,807.23,0.473532946,114193.9406,97217,241153.1057
97217,1998,7.95,412.65,807.23,0.511192597,123275.6824,97217,241153.1057
97217,1999,2.73,423.91,807.23,0.525141533,126639.5117,97217,241153.1057
97217,2000,6.75,452.5,807.23,0.560558949,135180.5314,97217,241153.1057
97217,2001,6.58,482.29,807.23,0.597462929,144080.0408,97217,241153.1057
97217,2002,7.41,518.03,807.23,0.641737795,154757.0622,97217,241153.1057
97217,2003,6.33,550.81,807.23,0.6823458,164549.8088,97217,241153.1057
97217,2004,12.12,617.55,807.23,0.765023599,184487.8169,97217,241153.1057
97217,2005,18.2,729.91,807.23,0.904215651,218054.4125,97217,241153.1057
97217,2006,17.53,857.84,807.23,1.062695886,256272.4133,97217,241153.1057
97217,2007,8.49,930.68,807.23,1.152930392,278032.7446,97217,241153.1057
97217,2008,0.01,930.77,807.23,1.153041884,278059.6313,97217,241153.1057
97217,2009,-6.31,872.02,807.23,1.080262131,260508.5679,97217,241153.1057
97217,2010,-4.35,834.09,807.23,1.033274284,249177.3026,97217,241153.1057
97217,2011,-4.79,794.17,807.23,0.983821216,237251.5417,97217,241153.1057
97217,2012,1.64,807.23,807.23,1.0,241153.0,97217,241153.1057
97217,2013,9.34,882.59,807.23,1.093356293,267170.0,97217,241153.1057
97217,2014,12.35,991.63,807.23,1.228435514,307503.0,97217,241153.1057
97217,2015,11.87,1109.34,807.23,1.374255169,353325.0,97217,241153.1057
97217,2016,14.91,1274.79,807.23,1.579215341,408573.0,97217,241153.1057
97217,2017,6.09,1352.38,807.23,1.675334167,420566.0,97217,241153.1057
97217,2018,2.74,1389.47,807.23,1.721281419,439384.0,97217,241153.1057
97217,2019,1.12,1404.98,807.23,1.740495274,433620.0,97217,241153.1057
97217,2020,3.03,1447.51,807.23,1.793181621,472055.0,97217,241153.1057
97217,2021,9.84,1589.91,807.23,1.969587354,516463.0,97217,241153.1057
97217,2022,8.09,1718.51,807.23,2.128897588,532326.0,97217,241153.1057
97218,1986,.,100.0,447.89,0.223269106,48021.30181,97218,215082.6087
97218,1987,-2.74,97.26,447.89,0.217151533,46705.51814,97218,215082.6087
97218,1988,-1.02,96.27,447.89,0.214941169,46230.10726,97218,215082.6087
97218,1989,7.19,103.2,447.89,0.230413718,49557.98347,97218,215082.6087
97218,1990,11.08,114.63,447.89,0.255933376,55046.81827,97218,215082.6087
97218,1991,13.92,130.59,447.89,0.291567126,62711.01804,97218,215082.6087
97218,1992,8.93,142.24,447.89,0.317577977,68305.4997,97218,215082.6087
97218,1993,13.45,161.38,447.89,0.360311684,77496.77687,97218,215082.6087
97218,1994,7.6,173.65,447.89,0.387706803,83388.9906,97218,215082.6087
97218,1995,15.65,200.83,447.89,0.448391346,96441.18043,97218,215082.6087
97218,1996,12.66,226.26,447.89,0.50516868,108652.9975,97218,215082.6087
97218,1997,10.86,250.82,447.89,0.560003572,120447.0292,97218,215082.6087
97218,1998,4.05,260.97,447.89,0.582665387,125321.1913,97218,215082.6087
97218,1999,4.13,271.74,447.89,0.606711469,130493.0855,97218,215082.6087
97218,2000,5.04,285.44,447.89,0.637299337,137072.0039,97218,215082.6087
97218,2001,5.45,300.99,447.89,0.672017683,144539.3163,97218,215082.6087
97218,2002,5.42,317.3,447.89,0.708432874,152371.5907,97218,215082.6087
97218,2003,4.14,330.44,447.89,0.737770435,158681.5897,97218,215082.6087
97218,2004,7.13,354.0,447.89,0.790372636,169995.4084,97218,215082.6087
97218,2005,17.96,417.58,447.89,0.932327134,200527.3521,97218,215082.6087
97218,2006,16.18,485.13,447.89,1.083145415,232965.7415,97218,215082.6087
97218,2007,6.74,517.84,447.89,1.15617674,248673.5093,97218,215082.6087
97218,2008,0.69,521.44,447.89,1.164214428,250402.2762,97218,215082.6087
97218,2009,-7.03,484.78,447.89,1.082363973,232797.6669,97218,215082.6087
97218,2010,-4.51,462.94,447.89,1.033602,222309.8146,97218,215082.6087
97218,2011,-8.03,425.75,447.89,0.95056822,204450.6925,97218,215082.6087
97218,2012,5.2,447.89,447.89,1.0,215083.0,97218,215082.6087
97218,2013,8.75,487.06,447.89,1.087454509,238315.0,97218,215082.6087
97218,2014,11.7,544.04,447.89,1.214673246,261182.0,97218,215082.6087
97218,2015,12.05,609.62,447.89,1.361093126,305875.0,97218,215082.6087
97218,2016,16.6,710.83,447.89,1.587063788,357778.0,97218,215082.6087
97218,2017,7.04,760.88,447.89,1.698809976,379066.0,97218,215082.6087
97218,2018,3.55,787.89,447.89,1.759114961,393252.0,97218,215082.6087
97218,2019,2.12,804.62,447.89,1.796467883,388710.0,97218,215082.6087
97218,2020,4.02,836.95,447.89,1.868650785,428315.0,97218,215082.6087
97218,2021,8.8,910.6,447.89,2.033088482,494908.0,97218,215082.6087
97218,2022,13.74,1035.69,447.89,2.312375807,515980.0,97218,215082.6087
97219,1975,.,100.0,777.03,0.12869516,40747.7814,97219,316622.4858
97219,1976,20.14,120.14,777.03,0.154614365,48954.38457,97219,316622.4858
97219,1977,16.03,139.41,777.03,0.179413922,56806.48204,97219,316622.4858
97219,1978,24.84,174.03,777.03,0.223968187,70913.36396,97219,316622.4858
97219,1979,18.84,206.82,777.03,0.266167329,84274.56148,97219,316622.4858
97219,1980,6.58,220.42,777.03,0.283669871,89816.25975,97219,316622.4858
97219,1981,6.99,235.84,777.03,0.303514665,96099.56764,97219,316622.4858
97219,1982,-8.79,215.11,777.03,0.276836158,87652.55256,97219,316622.4858
97219,1983,0.5,216.19,777.03,0.278226066,88092.6286,97219,316622.4858
97219,1984,-1,214.03,777.03,0.27544625,87212.47652,97219,316622.4858
97219,1985,1.99,218.29,777.03,0.280928664,88948.33201,97219,316622.4858
97219,1986,0.92,220.29,777.03,0.283502567,89763.28764,97219,316622.4858
97219,1987,-0.26,219.73,777.03,0.282781875,89535.10006,97219,316622.4858
97219,1988,4.5,229.62,777.03,0.295509826,93565.05564,97219,316622.4858
97219,1989,8.14,248.3,777.03,0.319550082,101176.7412,97219,316622.4858
97219,1990,16.53,289.35,777.03,0.372379445,117903.7055,97219,316622.4858
97219,1991,9.19,315.95,777.03,0.406612357,128742.6153,97219,316622.4858
97219,1992,6.08,335.18,777.03,0.431360437,136578.4137,97219,316622.4858
97219,1993,6.75,357.82,777.03,0.460497021,145803.7114,97219,316622.4858
97219,1994,7.14,383.38,777.03,0.493391504,156218.8443,97219,316622.4858
97219,1995,12.11,429.79,777.03,0.553118927,175129.8897,97219,316622.4858
97219,1996,6.46,457.55,777.03,0.588844704,186441.4738,97219,316622.4858
97219,1997,8.17,494.93,777.03,0.636950954,201672.9945,97219,316622.4858
97219,1998,3.26,511.06,777.03,0.657709484,208245.6116,97219,316622.4858
97219,1999,2.53,523.99,777.03,0.674349768,213514.2997,97219,316622.4858
97219,2000,4.96,549.97,777.03,0.70778477,224100.5733,97219,316622.4858
97219,2001,4.96,577.22,777.03,0.742854201,235204.3438,97219,316622.4858
97219,2002,4.71,604.4,777.03,0.777833546,246279.5908,97219,316622.4858
97219,2003,3.15,623.43,777.03,0.802324235,254033.8936,97219,316622.4858
97219,2004,8.74,677.9,777.03,0.872424488,276229.2101,97219,316622.4858
97219,2005,15.04,779.85,777.03,1.003629204,317771.5732,97219,316622.4858
97219,2006,17.57,916.84,777.03,1.179928703,373591.959,97219,316622.4858
97219,2007,5.78,969.82,777.03,1.248111399,395180.1335,97219,316622.4858
97219,2008,-1.21,958.1,777.03,1.233028326,390404.4936,97219,316622.4858
97219,2009,-7.36,887.58,777.03,1.142272499,361669.1581,97219,316622.4858
97219,2010,-7.16,824.07,777.03,1.060538203,335790.2421,97219,316622.4858
97219,2011,-6.66,769.18,777.03,0.98989743,313423.7849,97219,316622.4858
97219,2012,1.02,777.03,777.03,1.0,316622.0,97219,316622.4858
97219,2013,7.15,832.56,777.03,1.071464422,326663.0,97219,316622.4858
97219,2014,10.71,921.72,777.03,1.186209027,353933.0,97219,316622.4858
97219,2015,7.89,994.44,777.03,1.279796147,390942.0,97219,316622.4858
97219,2016,11.41,1107.94,777.03,1.425865153,435977.0,97219,316622.4858
97219,2017,6.8,1183.26,777.03,1.522798348,455736.0,97219,316622.4858
97219,2018,3.37,1223.08,777.03,1.57404476,487148.0,97219,316622.4858
97219,2019,2.18,1249.77,777.03,1.608393498,488579.0,97219,316622.4858
97219,2020,2.39,1279.67,777.03,1.646873351,518998.0,97219,316622.4858
97219,2021,10.83,1418.3,777.03,1.825283451,580438.0,97219,316622.4858
97219,2022,13.54,1610.33,777.03,2.072416766,640488.0,97219,316622.4858
97220,1977,.,100.0,461.02,0.216910329,33685.07079,97220,155294.9134
97220,1978,25.76,125.76,461.02,0.27278643,42362.34503,97220,155294.9134
97220,1979,19.62,150.44,461.02,0.326319899,50675.8205,97220,155294.9134
97220,1980,13.48,170.71,461.02,0.370287623,57503.78435,97220,155294.9134
97220,1981,.,-1.0,461.02,-0.002169103,-336.8507079,97220,155294.9134
97220,1982,.,-1.0,461.02,-0.002169103,-336.8507079,97220,155294.9134
97220,1983,.,141.05,461.02,0.305952019,47512.79235,97220,155294.9134
97220,1984,-1.86,138.42,461.02,0.300247278,46626.87499,97220,155294.9134
97220,1985,15.81,160.31,461.02,0.347728949,54000.53699,97220,155294.9134
97220,1986,-19.67,128.79,461.02,0.279358813,43383.00267,97220,155294.9134
97220,1987,4.63,134.75,461.02,0.292286669,45390.63289,97220,155294.9134
97220,1988,-2.51,131.37,461.02,0.2849551,44252.0775,97220,155294.9134
97220,1989,7.67,141.45,461.02,0.306819661,47647.53264,97220,155294.9134
97220,1990,20.94,171.07,461.02,0.3710685,57625.05061,97220,155294.9134
97220,1991,9.07,186.59,461.02,0.404732983,62852.97359,97220,155294.9134
97220,1992,8.73,202.88,461.02,0.440067676,68340.27163,97220,155294.9134
97220,1993,10.45,224.08,461.02,0.486052666,75481.50663,97220,155294.9134
97220,1994,10.77,248.22,461.02,0.538414819,83613.08272,97220,155294.9134
97220,1995,13.35,281.37,461.02,0.610320593,94779.68369,97220,155294.9134
97220,1996,7.97,303.8,461.02,0.65897358,102335.2451,97220,155294.9134
97220,1997,10.28,335.03,461.02,0.726714676,112855.0927,97220,155294.9134
97220,1998,4.46,349.97,461.02,0.759121079,117887.6423,97220,155294.9134
97220,1999,1.23,354.29,461.02,0.768491606,119342.8373,97220,155294.9134
97220,2000,3.87,367.99,461.02,0.798208321,123957.692,97220,155294.9134
97220,2001,5.2,387.12,461.02,0.839703267,130401.6461,97220,155294.9134
97220,2002,3.66,401.28,461.02,0.870417769,135171.4521,97220,155294.9134
97220,2003,2.92,413.0,461.02,0.89583966,139119.3424,97220,155294.9134
97220,2004,7.42,443.66,461.02,0.962344367,149447.1851,97220,155294.9134
97220,2005,14.27,506.98,461.02,1.099691987,170776.5719,97220,155294.9134
97220,2006,18.67,601.61,461.02,1.304954232,202652.7544,97220,155294.9134
97220,2007,6.73,642.13,461.02,1.392846297,216301.9451,97220,155294.9134
97220,2008,-1.16,634.69,461.02,1.376708169,213795.7758,97220,155294.9134
97220,2009,-9.54,574.12,461.02,1.245325582,193392.7284,97220,155294.9134
97220,2010,-7.58,530.58,461.02,1.150882825,178726.2486,97220,155294.9134
97220,2011,-8.24,486.84,461.02,1.056006247,163992.3986,97220,155294.9134
97220,2012,-5.3,461.02,461.02,1.0,155295.0,97220,155294.9134
97220,2013,10.37,508.84,461.02,1.103726519,183937.0,97220,155294.9134
97220,2014,13.04,575.21,461.02,1.247689905,207951.0,97220,155294.9134
97220,2015,13.08,650.43,461.02,1.410849855,238865.0,97220,155294.9134
97220,2016,16.81,759.75,461.02,1.647976227,288662.0,97220,155294.9134
97220,2017,10.89,842.47,461.02,1.827404451,316341.0,97220,155294.9134
97220,2018,5.99,892.92,461.02,1.936835712,334499.0,97220,155294.9134
97220,2019,2.95,919.31,461.02,1.994078348,335005.0,97220,155294.9134
97220,2020,3.58,952.18,461.02,2.065376773,363236.0,97220,155294.9134
97220,2021,12.16,1067.99,461.02,2.316580626,412759.0,97220,155294.9134
97220,2022,10.04,1175.19,461.02,2.549108499,433463.0,97220,155294.9134
97221,1976,.,100.0,740.05,0.135126005,50403.96391,97221,373014.5349
97221,1977,33.09,133.09,740.05,0.1798392,67082.63556,97221,373014.5349
97221,1978,18.5,157.71,740.05,0.213107222,79492.09148,97221,373014.5349
97221,1979,13.65,179.24,740.05,0.242199851,90344.0649,97221,373014.5349
97221,1980,14.79,205.75,740.05,0.278021755,103706.1557,97221,373014.5349
97221,1981,.,-1.0,740.05,-0.00135126,-504.0396391,97221,373014.5349
97221,1982,.,-1.0,740.05,-0.00135126,-504.0396391,97221,373014.5349
97221,1983,.,202.25,740.05,0.273292345,101942.017,97221,373014.5349
97221,1984,-2.22,197.75,740.05,0.267211675,99673.83862,97221,373014.5349
97221,1985,-1.05,195.67,740.05,0.264401054,98625.43617,97221,373014.5349
97221,1986,1.13,197.88,740.05,0.267387339,99739.36378,97221,373014.5349
97221,1987,1.42,200.68,740.05,0.271170867,101150.6748,97221,373014.5349
97221,1988,5.41,211.55,740.05,0.285859064,106629.5856,97221,373014.5349
97221,1989,7.31,227.02,740.05,0.306763057,114427.0789,97221,373014.5349
97221,1990,20.68,273.97,740.05,0.370204716,138091.7399,97221,373014.5349
97221,1991,6.69,292.3,740.05,0.394973313,147330.7865,97221,373014.5349
97221,1992,5.72,309.02,740.05,0.417566381,155758.3293,97221,373014.5349
97221,1993,6.24,328.29,740.05,0.443605162,165471.1731,97221,373014.5349
97221,1994,8.69,356.8,740.05,0.482129586,179841.3432,97221,373014.5349
97221,1995,8.25,386.23,740.05,0.521897169,194675.2298,97221,373014.5349
97221,1996,8.94,420.74,740.05,0.568529153,212069.6377,97221,373014.5349
97221,1997,5.93,445.68,740.05,0.602229579,224640.3863,97221,373014.5349
97221,1998,3.44,461.02,740.05,0.622957908,232372.3544,97221,373014.5349
97221,1999,3.88,478.89,740.05,0.647104925,241379.5427,97221,373014.5349
97221,2000,4.6,500.92,740.05,0.676873184,252483.536,97221,373014.5349
97221,2001,6.19,531.9,740.05,0.718735221,268098.684,97221,373014.5349
97221,2002,5.08,558.91,740.05,0.755232755,281712.7947,97221,373014.5349
97221,2003,2.9,575.14,740.05,0.777163705,289893.358,97221,373014.5349
97221,2004,9.03,627.09,740.05,0.847361665,316078.2173,97221,373014.5349
97221,2005,15.01,721.19,740.05,0.974515235,363508.3473,97221,373014.5349
97221,2006,16.78,842.19,740.05,1.138017702,424497.1436,97221,373014.5349
97221,2007,6.57,897.52,740.05,1.21278292,452385.6568,97221,373014.5349
97221,2008,-2.34,876.54,740.05,1.184433484,441810.9052,97221,373014.5349
97221,2009,-7.1,814.3,740.05,1.100331059,410439.4781,97221,373014.5349
97221,2010,-7.45,753.68,740.05,1.018417674,379884.5952,97221,373014.5349
97221,2011,-2.65,733.67,740.05,0.991378961,369798.762,97221,373014.5349
97221,2012,0.87,740.05,740.05,1.0,373015.0,97221,373014.5349
97221,2013,5.45,780.35,740.05,1.05445578,444347.0,97221,373014.5349
97221,2014,11.28,868.4,740.05,1.173434227,445568.0,97221,373014.5349
97221,2015,7.34,932.13,740.05,1.25955003,484097.0,97221,373014.5349
97221,2016,11.15,1036.04,740.05,1.399959462,570931.0,97221,373014.5349
97221,2017,5.7,1095.07,740.05,1.479724343,577168.0,97221,373014.5349
97221,2018,3.31,1131.35,740.05,1.528748058,612667.0,97221,373014.5349
97221,2019,0.31,1134.81,740.05,1.533423417,653055.0,97221,373014.5349
97221,2020,1.83,1155.57,740.05,1.561475576,649689.0,97221,373014.5349
97221,2021,10.51,1276.98,740.05,1.725532059,782174.0,97221,373014.5349
97221,2022,12.77,1440.1,740.05,1.945949598,876372.0,97221,373014.5349
97222,1977,.,100.0,435.68,0.229526258,40984.40407,97222,178560.8516
97222,1978,19.21,119.21,435.68,0.273618252,48857.50809,97222,178560.8516
97222,1979,19.2,142.09,435.68,0.32613386,58234.73974,97222,178560.8516
97222,1980,5.3,149.62,435.68,0.343417187,61320.86537,97222,178560.8516
97222,1981,-22.93,115.31,435.68,0.264666728,47259.11633,97222,178560.8516
97222,1982,.,-1.0,435.68,-0.002295263,-409.8440407,97222,178560.8516
97222,1983,.,158.24,435.68,0.36320235,64853.721,97222,178560.8516
97222,1984,-4.61,150.95,435.68,0.346469886,61865.95794,97222,178560.8516
97222,1985,-6.59,141.0,435.68,0.323632024,57788.00974,97222,178560.8516
97222,1986,0.97,142.38,435.68,0.326799486,58353.59451,97222,178560.8516
97222,1987,-3.86,136.88,435.68,0.314175542,56099.45229,97222,178560.8516
97222,1988,1.22,138.55,435.68,0.31800863,56783.89184,97222,178560.8516
97222,1989,11.18,154.05,435.68,0.3535852,63136.47447,97222,178560.8516
97222,1990,13.52,174.87,435.68,0.401372567,71669.4274,97222,178560.8516
97222,1991,11,194.1,435.68,0.445510466,79550.7283,97222,178560.8516
97222,1992,7.86,209.36,435.68,0.480536173,85804.94836,97222,178560.8516
97222,1993,9.2,228.62,435.68,0.524742931,93698.54458,97222,178560.8516
97222,1994,9.06,249.34,435.68,0.572300771,102190.5131,97222,178560.8516
97222,1995,12.58,280.7,435.68,0.644280206,115043.2222,97222,178560.8516
97222,1996,8.43,304.36,435.68,0.698586118,124740.1322,97222,178560.8516
97222,1997,8.75,330.99,435.68,0.759708961,135654.279,97222,178560.8516
97222,1998,3.56,342.76,435.68,0.786724201,140478.1434,97222,178560.8516
97222,1999,2.15,350.13,435.68,0.803640286,143498.694,97222,178560.8516
97222,2000,2.86,360.13,435.68,0.826592912,147597.1344,97222,178560.8516
97222,2001,2.69,369.83,435.68,0.848856959,151572.6216,97222,178560.8516
97222,2002,3.19,381.64,435.68,0.87596401,156412.8797,97222,178560.8516
97222,2003,2,389.28,435.68,0.893499816,159544.0882,97222,178560.8516
97222,2004,7.92,420.12,435.68,0.964285714,172183.6784,97222,178560.8516
97222,2005,16.38,488.94,435.68,1.122245685,200389.1453,97222,178560.8516
97222,2006,18.1,577.44,435.68,1.325376423,236660.3429,97222,178560.8516
97222,2007,5.58,609.66,435.68,1.399329783,249865.5178,97222,178560.8516
97222,2008,-1.41,601.04,435.68,1.37954462,246332.6622,97222,178560.8516
97222,2009,-11.89,529.6,435.68,1.215571061,217053.404,97222,178560.8516
97222,2010,-5.49,500.55,435.68,1.148893683,205147.4346,97222,178560.8516
97222,2011,-9.47,453.13,435.68,1.040052332,185712.6302,97222,178560.8516
97222,2012,-3.85,435.68,435.68,1.0,178561.0,97222,178560.8516
97222,2013,8.65,473.37,435.68,1.086508447,208964.0,97222,178560.8516
97222,2014,15.46,546.55,435.68,1.254475762,230491.0,97222,178560.8516
97222,2015,11.21,607.81,435.68,1.395083548,264393.0,97222,178560.8516
97222,2016,14.74,697.39,435.68,1.600693169,305686.0,97222,178560.8516
97222,2017,9.5,763.62,435.68,1.75270841,336191.0,97222,178560.8516
97222,2018,5.64,806.72,435.68,1.851634227,349872.0,97222,178560.8516
97222,2019,3.45,834.53,435.68,1.915465479,368889.0,97222,178560.8516
97222,2020,3.4,862.88,435.68,1.980536173,404247.0,97222,178560.8516
97222,2021,13.32,977.78,435.68,2.244261844,458522.0,97222,178560.8516
97222,2022,13.36,1108.41,435.68,2.544091994,490885.0,97222,178560.8516
97223,1976,.,100.0,545.11,0.183449212,46800.92736,97223,255116.5351
97223,1977,18.7,118.7,545.11,0.217754215,55552.70077,97223,255116.5351
97223,1978,24.71,148.03,545.11,0.271559869,69279.41276,97223,255116.5351
97223,1979,16.2,172.0,545.11,0.315532645,80497.59505,97223,255116.5351
97223,1980,8.6,186.79,545.11,0.342664783,87419.45221,97223,255116.5351
97223,1981,-4.81,177.82,545.11,0.326209389,83221.40902,97223,255116.5351
97223,1982,12.01,199.18,545.11,0.365394141,93218.08711,97223,255116.5351
97223,1983,-7.69,183.87,545.11,0.337308066,86052.86513,97223,255116.5351
97223,1984,-1.65,180.84,545.11,0.331749555,84634.79703,97223,255116.5351
97223,1985,-2.52,176.27,545.11,0.323365926,82495.99465,97223,255116.5351
97223,1986,2.25,180.23,545.11,0.330630515,84349.31137,97223,255116.5351
97223,1987,-0.97,178.5,545.11,0.327456844,83539.65533,97223,255116.5351
97223,1988,0.4,179.22,545.11,0.328777678,83876.62201,97223,255116.5351
97223,1989,11.55,199.91,545.11,0.36673332,93559.73388,97223,255116.5351
97223,1990,15.25,230.4,545.11,0.422666985,107829.3366,97223,255116.5351
97223,1991,9.05,251.26,545.11,0.46093449,117592.0101,97223,255116.5351
97223,1992,5.41,264.85,545.11,0.485865238,123952.2561,97223,255116.5351
97223,1993,5.74,280.04,545.11,0.513731174,131061.317,97223,255116.5351
97223,1994,8.64,304.24,545.11,0.558125883,142387.1414,97223,255116.5351
97223,1995,10.91,337.43,545.11,0.619012676,157920.3692,97223,255116.5351
97223,1996,5.56,356.21,545.11,0.653464438,166709.5833,97223,255116.5351
97223,1997,6.99,381.12,545.11,0.699161637,178367.6943,97223,255116.5351
97223,1998,3.99,396.35,545.11,0.727100952,185495.4756,97223,255116.5351
97223,1999,1.11,400.75,545.11,0.735172717,187554.7164,97223,255116.5351
97223,2000,3.78,415.91,545.11,0.762983618,194649.737,97223,255116.5351
97223,2001,4.12,433.03,545.11,0.794390123,202662.0557,97223,255116.5351
97223,2002,4.21,451.24,545.11,0.827796225,211184.5046,97223,255116.5351
97223,2003,2.56,462.8,545.11,0.849002954,216594.6918,97223,255116.5351
97223,2004,7.31,496.65,545.11,0.911100512,232436.8057,97223,255116.5351
97223,2005,15.93,575.76,545.11,1.056227184,269461.0193,97223,255116.5351
97223,2006,18.13,680.15,545.11,1.247729816,318316.5074,97223,255116.5351
97223,2007,4.84,713.06,545.11,1.308102952,333718.6926,97223,255116.5351
97223,2008,-3.09,691.06,545.11,1.267744125,323422.4886,97223,255116.5351
97223,2009,-8.75,630.58,545.11,1.156794042,295117.2877,97223,255116.5351
97223,2010,-6.23,591.32,545.11,1.084771881,276743.2436,97223,255116.5351
97223,2011,-7.24,548.53,545.11,1.006273963,256717.1268,97223,255116.5351
97223,2012,-0.62,545.11,545.11,1.0,255117.0,97223,255116.5351
97223,2013,8.87,593.48,545.11,1.088734384,277720.0,97223,255116.5351
97223,2014,10.41,655.25,545.11,1.202050962,300453.0,97223,255116.5351
97223,2015,7.81,706.44,545.11,1.295958614,332558.0,97223,255116.5351
97223,2016,11.32,786.4,545.11,1.442644604,381974.0,97223,255116.5351
97223,2017,7.2,842.98,545.11,1.546440168,402241.0,97223,255116.5351
97223,2018,5.18,886.63,545.11,1.626515749,422564.0,97223,255116.5351
97223,2019,3.13,914.37,545.11,1.677404561,426719.0,97223,255116.5351
97223,2020,2.26,935.01,545.11,1.715268478,466791.0,97223,255116.5351
97223,2021,12.59,1052.74,545.11,1.931243235,553569.0,97223,255116.5351
97223,2022,17.19,1233.67,545.11,2.263157895,607248.0,97223,255116.5351
97224,1977,.,100.0,383.44,0.260796996,66047.22383,97224,253251.475
97224,1978,14.38,114.38,383.44,0.298299604,75544.81462,97224,253251.475
97224,1979,17.85,134.8,383.44,0.35155435,89031.65772,97224,253251.475
97224,1980,7.77,145.27,383.44,0.378859796,95946.80206,97224,253251.475
97224,1981,-10.68,129.76,383.44,0.338410182,85702.87764,97224,253251.475
97224,1982,7.93,140.05,383.44,0.365246192,92499.13697,97224,253251.475
97224,1983,2.11,143.01,383.44,0.372965783,94454.1348,97224,253251.475
97224,1984,-3.52,137.99,383.44,0.359873774,91138.56416,97224,253251.475
97224,1985,2.26,141.1,383.44,0.367984561,93192.63282,97224,253251.475
97224,1986,0.29,141.51,383.44,0.369053828,93463.42644,97224,253251.475
97224,1987,3.35,146.26,383.44,0.381441686,96600.66957,97224,253251.475
97224,1988,1.94,149.09,383.44,0.388822241,98469.80601,97224,253251.475
97224,1989,10.82,165.23,383.44,0.430914876,109129.8279,97224,253251.475
97224,1990,13.19,187.02,383.44,0.487742541,123521.518,97224,253251.475
97224,1991,7.86,201.72,383.44,0.5260797,133230.4599,97224,253251.475
97224,1992,4.33,210.45,383.44,0.548847277,138996.3825,97224,253251.475
97224,1993,4.29,219.48,383.44,0.572397246,144960.4469,97224,253251.475
97224,1994,7.14,235.16,383.44,0.613290215,155316.6516,97224,253251.475
97224,1995,8.45,255.03,383.44,0.665110578,168440.2349,97224,253251.475
97224,1996,3.9,264.99,383.44,0.691085959,175018.5384,97224,253251.475
97224,1997,7.04,283.64,383.44,0.739724598,187336.3457,97224,253251.475
97224,1998,2.73,291.38,383.44,0.759910286,192448.4008,97224,253251.475
97224,1999,1.5,295.74,383.44,0.771281035,195328.0598,97224,253251.475
97224,2000,3.08,304.84,383.44,0.795013561,201338.3571,97224,253251.475
97224,2001,4.55,318.73,383.44,0.831238264,210512.3165,97224,253251.475
97224,2002,3.26,329.11,383.44,0.858308992,217368.0183,97224,253251.475
97224,2003,2.62,337.73,383.44,0.880789693,223061.289,97224,253251.475
97224,2004,6.99,361.33,383.44,0.942337784,238648.4339,97224,253251.475
97224,2005,18.2,427.09,383.44,1.113837889,282081.0882,97224,253251.475
97224,2006,15.19,491.97,383.44,1.283042979,324932.5271,97224,253251.475
97224,2007,4.08,512.05,383.44,1.335411016,338194.8096,97224,253251.475
97224,2008,-3.74,492.88,383.44,1.285416232,325533.5568,97224,253251.475
97224,2009,-11.3,437.2,383.44,1.140204465,288758.4626,97224,253251.475
97224,2010,-6.89,407.06,383.44,1.06160025,268851.8293,97224,253251.475
97224,2011,-5.99,382.68,383.44,0.998017943,252749.5161,97224,253251.475
97224,2012,0.2,383.44,383.44,1.0,253251.0,97224,253251.475
97224,2013,7.92,413.83,383.44,1.079256207,287273.0,97224,253251.475
97224,2014,10.25,456.26,383.44,1.189912372,303504.0,97224,253251.475
97224,2015,6.17,484.43,383.44,1.263378886,334348.0,97224,253251.475
97224,2016,11.71,541.15,383.44,1.411302942,370274.0,97224,253251.475
97224,2017,5.96,573.43,383.44,1.495488212,413788.0,97224,253251.475
97224,2018,5.27,603.67,383.44,1.574353223,428389.0,97224,253251.475
97224,2019,1.55,613.02,383.44,1.598737743,422893.0,97224,253251.475
97224,2020,3.36,633.64,383.44,1.652514083,474984.0,97224,253251.475
97224,2021,12.42,712.34,383.44,1.857761319,536019.0,97224,253251.475
97224,2022,15.91,825.7,383.44,2.153400793,598858.0,97224,253251.475
97225,1976,.,100.0,632.39,0.158130268,51682.43109,97225,326834.5259
97225,1977,12.77,112.77,632.39,0.178323503,58282.27753,97225,326834.5259
97225,1978,24.33,140.21,632.39,0.221714448,72463.93662,97225,326834.5259
97225,1979,14.85,161.03,632.39,0.25463717,83224.21878,97225,326834.5259
97225,1980,4.03,167.52,632.39,0.264899824,86578.40855,97225,326834.5259
97225,1981,6.53,178.47,632.39,0.282215089,92237.63476,97225,326834.5259
97225,1982,-26.33,131.48,632.39,0.207909676,67952.06039,97225,326834.5259
97225,1983,33.76,175.87,632.39,0.278103702,90893.89155,97225,326834.5259
97225,1984,-0.04,175.8,632.39,0.277993011,90857.71385,97225,326834.5259
97225,1985,0.59,176.83,632.39,0.279621752,91390.04289,97225,326834.5259
97225,1986,0.74,178.13,632.39,0.281677446,92061.91449,97225,326834.5259
97225,1987,0.2,178.48,632.39,0.282230902,92242.803,97225,326834.5259
97225,1988,5.08,187.54,632.39,0.296557504,96925.23126,97225,326834.5259
97225,1989,8.58,203.64,632.39,0.322016477,105246.1027,97225,326834.5259
97225,1990,14.86,233.9,632.39,0.369866696,120885.2063,97225,326834.5259
97225,1991,8.89,254.69,632.39,0.402741979,131629.9837,97225,326834.5259
97225,1992,5.37,268.36,632.39,0.424358386,138694.9721,97225,326834.5259
97225,1993,5.96,284.35,632.39,0.449643416,146958.9928,97225,326834.5259
97225,1994,7.21,304.87,632.39,0.482091747,157564.2276,97225,326834.5259
97225,1995,10.63,337.29,632.39,0.53335758,174319.6718,97225,326834.5259
97225,1996,8.98,367.59,632.39,0.581271051,189979.4484,97225,326834.5259
97225,1997,8.35,398.28,632.39,0.62980123,205840.7865,97225,326834.5259
97225,1998,2.41,407.88,632.39,0.644981736,210802.2999,97225,326834.5259
97225,1999,3,420.12,632.39,0.664336881,217128.2295,97225,326834.5259
97225,2000,5.22,442.05,632.39,0.699014848,228462.1866,97225,326834.5259
97225,2001,6.28,469.83,632.39,0.742943437,242819.566,97225,326834.5259
97225,2002,4.5,490.98,632.39,0.776387988,253750.4001,97225,326834.5259
97225,2003,2.55,503.48,632.39,0.796154272,260210.704,97225,326834.5259
97225,2004,9.27,550.13,632.39,0.869922042,284320.5581,97225,326834.5259
97225,2005,16.39,640.3,632.39,1.012508104,330922.6062,97225,326834.5259
97225,2006,16.37,745.13,632.39,1.178276064,385101.2987,97225,326834.5259
97225,2007,5.02,782.57,632.39,1.237480036,404451.2009,97225,326834.5259
97225,2008,-1.23,772.93,632.39,1.222236278,399469.0146,97225,326834.5259
97225,2009,-8.32,708.61,632.39,1.12052689,366226.8749,97225,326834.5259
97225,2010,-5.72,668.1,632.39,1.056468319,345290.3221,97225,326834.5259
97225,2011,-5.38,632.19,632.39,0.999683739,326731.1611,97225,326834.5259
97225,2012,0.03,632.39,632.39,1.0,326835.0,97225,326834.5259
97225,2013,6.7,674.75,632.39,1.066983981,375881.0,97225,326834.5259
97225,2014,10.94,748.57,632.39,1.183715745,385436.0,97225,326834.5259
97225,2015,5.82,792.11,632.39,1.252565664,404098.0,97225,326834.5259
97225,2016,9.48,867.16,632.39,1.37124243,469081.0,97225,326834.5259
97225,2017,5.6,915.7,632.39,1.447998861,502342.0,97225,326834.5259
97225,2018,4.14,953.57,632.39,1.507882794,523984.0,97225,326834.5259
97225,2019,3.16,983.68,632.39,1.555495817,541231.0,97225,326834.5259
97225,2020,1.36,997.06,632.39,1.576653647,555956.0,97225,326834.5259
97225,2021,10.27,1099.49,632.39,1.73862648,642305.0,97225,326834.5259
97225,2022,13.1,1243.47,632.39,1.96630244,702413.0,97225,326834.5259
97227,1993,.,100.0,373.93,0.267429733,95475.8712,97227,357012.9252
97227,1994,10.77,110.77,373.93,0.296231915,105758.6225,97227,357012.9252
97227,1995,8.1,119.75,373.93,0.320247105,114332.3558,97227,357012.9252
97227,1996,18.98,142.48,373.93,0.381033883,136034.0213,97227,357012.9252
97227,1997,13.44,161.64,373.93,0.43227342,154327.1982,97227,357012.9252
97227,1998,5.89,171.16,373.93,0.457732731,163416.5011,97227,357012.9252
97227,1999,7.21,183.5,373.93,0.49073356,175198.2236,97227,357012.9252
97227,2000,5.49,193.58,373.93,0.517690477,184822.1915,97227,357012.9252
97227,2001,6.98,207.08,373.93,0.553793491,197711.4341,97227,357012.9252
97227,2002,11.34,230.57,373.93,0.616612735,220138.7162,97227,357012.9252
97227,2003,5.14,242.42,373.93,0.648303158,231452.607,97227,357012.9252
97227,2004,8.12,262.1,373.93,0.70093333,250242.2584,97227,357012.9252
97227,2005,24.12,325.32,373.93,0.870002407,310602.1042,97227,357012.9252
97227,2006,14.63,372.92,373.93,0.99729896,356048.6189,97227,357012.9252
97227,2007,9.02,406.56,373.93,1.087262322,388166.7019,97227,357012.9252
97227,2008,1.67,413.34,373.93,1.105394058,394639.966,97227,357012.9252
97227,2009,-6.03,388.43,373.93,1.038777311,370856.9265,97227,357012.9252
97227,2010,-2.76,377.72,373.93,1.010135587,360631.4607,97227,357012.9252
97227,2011,-3.13,365.9,373.93,0.978525392,349346.2127,97227,357012.9252
97227,2012,2.2,373.93,373.93,1.0,357013.0,97227,357012.9252
97227,2013,11.41,416.61,373.93,1.11413901,382865.0,97227,357012.9252
97227,2014,14.15,475.57,373.93,1.27181558,404510.0,97227,357012.9252
97227,2015,6.58,506.86,373.93,1.355494344,399634.0,97227,357012.9252
97227,2016,11.04,562.84,373.93,1.505201508,499466.0,97227,357012.9252
97227,2017,8.52,610.81,373.93,1.633487551,492936.0,97227,357012.9252
97227,2018,3.26,630.73,373.93,1.686759554,520090.0,97227,357012.9252
97227,2019,2.61,647.22,373.93,1.730858717,534368.0,97227,357012.9252
97227,2020,-3.52,624.41,373.93,1.669857995,523371.0,97227,357012.9252
97227,2021,8.9,680.0,373.93,1.818522183,617137.0,97227,357012.9252
97227,2022,10.07,748.46,373.93,2.001604578,684085.0,97227,357012.9252
97229,1975,.,100.0,587.02,0.170351947,63783.14285,97229,374419.8051
97229,1976,8.56,108.56,587.02,0.184934074,69242.97987,97229,374419.8051
97229,1977,17.73,127.81,587.02,0.217726824,81521.23487,97229,374419.8051
97229,1978,18.27,151.16,587.02,0.257504003,96414.59873,97229,374419.8051
97229,1979,17.57,177.72,587.02,0.30274948,113355.4015,97229,374419.8051
97229,1980,3.32,183.62,587.02,0.312800245,117118.6069,97229,374419.8051
97229,1981,3.59,190.22,587.02,0.324043474,121328.2943,97229,374419.8051
97229,1982,-6.92,177.05,587.02,0.301608122,112928.0544,97229,374419.8051
97229,1983,10.5,195.64,587.02,0.333276549,124785.3407,97229,374419.8051
97229,1984,-2.26,191.21,587.02,0.325729958,121959.7474,97229,374419.8051
97229,1985,-1.63,188.1,587.02,0.320432013,119976.0917,97229,374419.8051
97229,1986,3.06,193.86,587.02,0.330244285,123650.0007,97229,374419.8051
97229,1987,0.3,194.45,587.02,0.331249361,124026.3213,97229,374419.8051
97229,1988,3.55,201.35,587.02,0.343003646,128427.3581,97229,374419.8051
97229,1989,7,215.45,587.02,0.36702327,137420.7813,97229,374419.8051
97229,1990,15.58,249.01,587.02,0.424193384,158826.404,97229,374419.8051
97229,1991,6.63,265.51,587.02,0.452301455,169350.6226,97229,374419.8051
97229,1992,4.62,277.79,587.02,0.473220674,177183.1925,97229,374419.8051
97229,1993,4.99,291.65,587.02,0.496831454,186023.5361,97229,374419.8051
97229,1994,5.86,308.75,587.02,0.525961637,196930.4535,97229,374419.8051
97229,1995,10.07,339.84,587.02,0.578924057,216760.6327,97229,374419.8051
97229,1996,7.32,364.7,587.02,0.621273551,232617.122,97229,374419.8051
97229,1997,5.99,386.53,587.02,0.658461381,246540.982,97229,374419.8051
97229,1998,3.62,400.51,587.02,0.682276583,255457.8654,97229,374419.8051
97229,1999,1.99,408.49,587.02,0.695870669,260547.7602,97229,374419.8051
97229,2000,3.5,422.81,587.02,0.720265068,269681.5063,97229,374419.8051
97229,2001,5.21,444.83,587.02,0.757776566,283726.5543,97229,374419.8051
97229,2002,3.11,458.69,587.02,0.781387346,292566.8979,97229,374419.8051
97229,2003,2.46,469.99,587.02,0.800637116,299774.3931,97229,374419.8051
97229,2004,8.51,509.99,587.02,0.868777895,325287.6502,97229,374419.8051
97229,2005,15.78,590.47,587.02,1.005877142,376620.3236,97229,374419.8051
97229,2006,16.54,688.14,587.02,1.172259889,438917.3192,97229,374419.8051
97229,2007,5.09,723.14,587.02,1.23188307,461241.4192,97229,374419.8051
97229,2008,-1.98,708.85,587.02,1.207539777,452126.8081,97229,374419.8051
97229,2009,-9.32,642.77,587.02,1.094971211,409978.9073,97229,374419.8051
97229,2010,-4.88,611.4,587.02,1.041531805,389970.1354,97229,374419.8051
97229,2011,-4.33,584.91,587.02,0.996405574,373073.9808,97229,374419.8051
97229,2012,0.36,587.02,587.02,1.0,374420.0,97229,374419.8051
97229,2013,7.31,629.94,587.02,1.073115056,402402.0,97229,374419.8051
97229,2014,10.48,695.95,587.02,1.185564376,437489.0,97229,374419.8051
97229,2015,5.9,736.99,587.02,1.255476815,463853.0,97229,374419.8051
97229,2016,10.17,811.97,587.02,1.383206705,499925.0,97229,374419.8051
97229,2017,5.74,858.6,587.02,1.462641818,535685.0,97229,374419.8051
97229,2018,4.45,896.8,587.02,1.527716262,540984.0,97229,374419.8051
97229,2019,2.57,919.88,587.02,1.567033491,541139.0,97229,374419.8051
97229,2020,2.03,938.54,587.02,1.598821165,568132.0,97229,374419.8051
97229,2021,9.73,1029.82,587.02,1.754318422,668012.0,97229,374419.8051
97229,2022,15.97,1194.26,587.02,2.034445164,772850.0,97229,374419.8051
97230,1976,.,100.0,441.96,0.22626482,39046.00652,97230,172567.7304
97230,1977,12.27,112.27,441.96,0.254027514,43836.95152,97230,172567.7304
97230,1978,30.73,146.77,441.96,0.332088877,57307.82377,97230,172567.7304
97230,1979,6.16,155.81,441.96,0.352543217,60837.58276,97230,172567.7304
97230,1980,16,180.74,441.96,0.408951036,70571.75218,97230,172567.7304
97230,1981,-11.86,159.3,441.96,0.360439859,62200.28838,97230,172567.7304
97230,1982,-16.33,133.29,441.96,0.301588379,52044.42209,97230,172567.7304
97230,1983,22.64,163.47,441.96,0.369875102,63828.50686,97230,172567.7304
97230,1984,2.72,167.91,441.96,0.37992126,65562.14955,97230,172567.7304
97230,1985,-1.85,164.81,441.96,0.37290705,64351.72334,97230,172567.7304
97230,1986,-1.97,161.56,441.96,0.365553444,63082.72813,97230,172567.7304
97230,1987,0.42,162.25,441.96,0.367114671,63352.14558,97230,172567.7304
97230,1988,4.73,169.92,441.96,0.384469183,66346.97428,97230,172567.7304
97230,1989,5.47,179.22,441.96,0.405511811,69978.25288,97230,172567.7304
97230,1990,13.58,203.55,441.96,0.460562042,79478.14627,97230,172567.7304
97230,1991,9.73,223.36,441.96,0.505385103,87213.16016,97230,172567.7304
97230,1992,7.31,239.68,441.96,0.542311521,93585.46842,97230,172567.7304
97230,1993,8.99,261.22,441.96,0.591048964,101995.9782,97230,172567.7304
97230,1994,8.21,282.66,441.96,0.639560141,110367.442,97230,172567.7304
97230,1995,10.38,312.0,441.96,0.705946239,121823.5403,97230,172567.7304
97230,1996,5.51,329.2,441.96,0.744863789,128539.4535,97230,172567.7304
97230,1997,8.59,357.47,441.96,0.808828853,139577.7595,97230,172567.7304
97230,1998,4.25,372.66,441.96,0.84319848,145508.8479,97230,172567.7304
97230,1999,1.19,377.1,441.96,0.853244638,147242.4906,97230,172567.7304
97230,2000,2.85,387.85,441.96,0.877568106,151439.9363,97230,172567.7304
97230,2001,3.07,399.76,441.96,0.904516246,156090.3157,97230,172567.7304
97230,2002,3.55,413.94,441.96,0.936600597,161627.0394,97230,172567.7304
97230,2003,1.21,418.97,441.96,0.947981718,163591.0535,97230,172567.7304
97230,2004,6.24,445.11,441.96,1.007127342,173797.6796,97230,172567.7304
97230,2005,14.49,509.62,441.96,1.153090777,198986.2584,97230,172567.7304
97230,2006,15.4,588.08,441.96,1.330618155,229621.7551,97230,172567.7304
97230,2007,6.95,628.93,441.96,1.423047335,245572.0488,97230,172567.7304
97230,2008,-3.64,606.04,441.96,1.371255317,236634.4179,97230,172567.7304
97230,2009,-11.02,539.25,441.96,1.220133044,210555.5902,97230,172567.7304
97230,2010,-7.85,496.93,441.96,1.124377772,194031.3202,97230,172567.7304
97230,2011,-9.35,450.48,441.96,1.019277763,175894.4502,97230,172567.7304
97230,2012,-1.89,441.96,441.96,1.0,172568.0,97230,172567.7304
97230,2013,7.9,476.9,441.96,1.079056928,198223.0,97230,172567.7304
97230,2014,12.14,534.8,441.96,1.210064259,220135.0,97230,172567.7304
97230,2015,9.69,586.6,441.96,1.327269436,240803.0,97230,172567.7304
97230,2016,14.79,673.37,441.96,1.523599421,273404.0,97230,172567.7304
97230,2017,10.42,743.57,441.96,1.682437325,310459.0,97230,172567.7304
97230,2018,5.96,787.85,441.96,1.782627387,327962.0,97230,172567.7304
97230,2019,2.78,809.77,441.96,1.832224636,334286.0,97230,172567.7304
97230,2020,4.6,847.02,441.96,1.916508281,367032.0,97230,172567.7304
97230,2021,12.82,955.62,441.96,2.162231876,417346.0,97230,172567.7304
97230,2022,12.52,1075.3,441.96,2.433025613,446279.0,97230,172567.7304
97231,1990,.,100.0,267.11,0.374377597,122414.93,97231,326982.5195
97231,1991,10.24,110.24,267.11,0.412713863,134950.2188,97231,326982.5195
97231,1992,5.23,116.0,267.11,0.434278013,142001.3188,97231,326982.5195
97231,1993,9.16,126.63,267.11,0.474074351,155014.0259,97231,326982.5195
97231,1994,7.72,136.4,267.11,0.510651043,166973.9645,97231,326982.5195
97231,1995,19.29,162.72,267.11,0.609187226,199193.5741,97231,326982.5195
97231,1996,3.68,168.71,267.11,0.631612444,206526.2284,97231,326982.5195
97231,1997,5.12,177.34,267.11,0.663921231,217090.6369,97231,326982.5195
97231,1998,8.01,191.54,267.11,0.71708285,234473.5569,97231,326982.5195
97231,1999,1.97,195.3,267.11,0.731159447,239076.3583,97231,326982.5195
97231,2000,6.92,208.81,267.11,0.781737861,255614.6153,97231,326982.5195
97231,2001,4.26,217.7,267.11,0.815020029,266497.3026,97231,326982.5195
97231,2002,5,228.58,267.11,0.855752312,279816.047,97231,326982.5195
97231,2003,0.84,230.49,267.11,0.862902924,282154.1722,97231,326982.5195
97231,2004,4,239.72,267.11,0.897457976,293453.0702,97231,326982.5195
97231,2005,11.92,268.31,267.11,1.004492531,328451.4987,97231,326982.5195
97231,2006,13.88,305.54,267.11,1.143873311,374026.5771,97231,326982.5195
97231,2007,11.98,342.14,267.11,1.280895511,418830.4415,97231,326982.5195
97231,2008,0.13,342.6,267.11,1.282617648,419393.5502,97231,326982.5195
97231,2009,-11.49,303.23,267.11,1.135225188,371198.7922,97231,326982.5195
97231,2010,-8.67,276.95,267.11,1.036838756,339028.1486,97231,326982.5195
97231,2011,-6.14,259.95,267.11,0.973194564,318217.6105,97231,326982.5195
97231,2012,2.76,267.11,267.11,1.0,326983.0,97231,326982.5195
97231,2013,3.47,276.38,267.11,1.034704803,376442.0,97231,326982.5195
97231,2014,13.92,314.85,267.11,1.178727865,519793.0,97231,326982.5195
97231,2015,3.89,327.1,267.11,1.224589121,596401.0,97231,326982.5195
97231,2016,16.82,382.14,267.11,1.43064655,516612.0,97231,326982.5195
97231,2017,4.48,399.26,267.11,1.494739995,592468.0,97231,326982.5195
97231,2018,0.85,402.68,267.11,1.507543709,622639.0,97231,326982.5195
97231,2019,0.31,403.92,267.11,1.512185991,589107.0,97231,326982.5195
97231,2020,0.78,407.06,267.11,1.523941447,664592.0,97231,326982.5195
97231,2021,9.65,446.33,267.11,1.67095953,817616.0,97231,326982.5195
97231,2022,19.49,533.31,267.11,1.996593164,764603.0,97231,326982.5195
97233,1976,.,100.0,450.87,0.221793422,28825.36503,97233,129964.9233
97233,1977,23.3,123.3,450.87,0.273471289,35541.67509,97233,129964.9233
97233,1978,17.64,145.06,450.87,0.321733537,41814.07452,97233,129964.9233
97233,1979,16.42,168.87,450.87,0.374542551,48677.39393,97233,129964.9233
97233,1980,8.13,182.59,450.87,0.404972609,52632.23402,97233,129964.9233
97233,1981,.,-1.0,450.87,-0.002217934,-288.2536503,97233,129964.9233
97233,1982,.,-1.0,450.87,-0.002217934,-288.2536503,97233,129964.9233
97233,1983,.,171.18,450.87,0.379665979,49343.25987,97233,129964.9233
97233,1984,-4.72,163.1,450.87,0.361745071,47014.17037,97233,129964.9233
97233,1985,2.99,167.97,450.87,0.37254641,48417.96565,97233,129964.9233
97233,1986,-4.67,160.13,450.87,0.355157806,46158.05703,97233,129964.9233
97233,1987,4.06,166.63,450.87,0.369574378,48031.70576,97233,129964.9233
97233,1988,-2.95,161.72,450.87,0.358684321,46616.38033,97233,129964.9233
97233,1989,2.74,166.15,450.87,0.36850977,47893.344,97233,129964.9233
97233,1990,15.15,191.32,450.87,0.424335174,55148.68838,97233,129964.9233
97233,1991,10.91,212.2,450.87,0.470645641,61167.4246,97233,129964.9233
97233,1992,9.86,233.12,450.87,0.517044824,67197.69097,97233,129964.9233
97233,1993,13.21,263.92,450.87,0.585357198,76075.9034,97233,129964.9233
97233,1994,8.26,285.72,450.87,0.633708164,82359.83298,97233,129964.9233
97233,1995,14.75,327.85,450.87,0.727149733,94503.95926,97233,129964.9233
97233,1996,7.95,353.92,450.87,0.784971278,102018.7319,97233,129964.9233
97233,1997,7.91,381.91,450.87,0.847051256,110086.9516,97233,129964.9233
97233,1998,5.25,401.97,450.87,0.891543017,115869.3198,97233,129964.9233
97233,1999,1.99,409.98,450.87,0.90930867,118178.2316,97233,129964.9233
97233,2000,4.45,428.21,450.87,0.949741611,123433.0956,97233,129964.9233
97233,2001,3.27,442.2,450.87,0.98077051,127465.7642,97233,129964.9233
97233,2002,2.35,452.61,450.87,1.003859206,130466.4847,97233,129964.9233
97233,2003,2.37,463.34,450.87,1.02765764,133559.4463,97233,129964.9233
97233,2004,6.06,491.4,450.87,1.089892874,141647.8438,97233,129964.9233
97233,2005,12.63,553.46,450.87,1.227537871,159536.8653,97233,129964.9233
97233,2006,17.09,648.03,450.87,1.43728791,186797.013,97233,129964.9233
97233,2007,6.63,691.02,450.87,1.532636902,199189.0375,97233,129964.9233
97233,2008,-3.92,663.93,450.87,1.472553064,191380.2461,97233,129964.9233
97233,2009,-12.19,583.02,450.87,1.293100007,168057.6432,97233,129964.9233
97233,2010,-10.4,522.37,450.87,1.158582296,150575.0593,97233,129964.9233
97233,2011,-10.2,469.07,450.87,1.040366403,135211.1398,97233,129964.9233
97233,2012,-3.88,450.87,450.87,1.0,129965.0,97233,129964.9233
97233,2013,10.13,496.53,450.87,1.101270876,152802.0,97233,129964.9233
97233,2014,15.3,572.52,450.87,1.269811697,173294.0,97233,129964.9233
97233,2015,12.06,641.54,450.87,1.422893517,204649.0,97233,129964.9233
97233,2016,15.71,742.3,450.87,1.646372569,236298.0,97233,129964.9233
97233,2017,12.74,836.89,450.87,1.856166966,268350.0,97233,129964.9233
97233,2018,6.59,892.03,450.87,1.978463859,285275.0,97233,129964.9233
97233,2019,3.73,925.27,450.87,2.052187992,297929.0,97233,129964.9233
97233,2020,5.91,979.99,450.87,2.173553352,320922.0,97233,129964.9233
97233,2021,13.71,1114.31,450.87,2.471466276,375410.0,97233,129964.9233
97233,2022,9,1214.6,450.87,2.693902899,399505.0,97233,129964.9233
97236,1977,.,100.0,365.39,0.273680177,41772.36149,97236,152632.0317
97236,1978,18.39,118.39,365.39,0.324009962,49454.29877,97236,152632.0317
97236,1979,12.61,133.32,365.39,0.364870412,55690.91234,97236,152632.0317
97236,1980,5.67,140.87,365.39,0.385533266,58844.72564,97236,152632.0317
97236,1981,2.5,144.39,365.39,0.395166808,60315.11276,97236,152632.0317
97236,1982,.,-1.0,365.39,-0.002736802,-417.7236149,97236,152632.0317
97236,1983,.,130.46,365.39,0.357043159,54496.2228,97236,152632.0317
97236,1984,6.69,139.19,365.39,0.380935439,58142.94996,97236,152632.0317
97236,1985,-5.22,131.92,365.39,0.36103889,55106.09928,97236,152632.0317
97236,1986,3.32,136.31,365.39,0.37305345,56939.90595,97236,152632.0317
97236,1987,-5.82,128.38,365.39,0.351350612,53627.35769,97236,152632.0317
97236,1988,1.19,129.91,365.39,0.355537918,54266.47482,97236,152632.0317
97236,1989,7.31,139.4,365.39,0.381510167,58230.67192,97236,152632.0317
97236,1990,14.64,159.81,365.39,0.437368291,66756.4109,97236,152632.0317
97236,1991,12.42,179.66,365.39,0.491693807,75048.22466,97236,152632.0317
97236,1992,5.28,189.15,365.39,0.517666055,79012.42177,97236,152632.0317
97236,1993,9.01,206.2,365.39,0.564328526,86134.6094,97236,152632.0317
97236,1994,12.31,231.58,365.39,0.633788555,96736.43475,97236,152632.0317
97236,1995,11.81,258.92,365.39,0.708612715,108156.9984,97236,152632.0317
97236,1996,7.25,277.69,365.39,0.759982484,115997.6706,97236,152632.0317
97236,1997,8.91,302.43,365.39,0.82769096,126332.1529,97236,152632.0317
97236,1998,4.77,316.87,365.39,0.867210378,132364.0819,97236,152632.0317
97236,1999,2.56,324.99,365.39,0.889433208,135755.9976,97236,152632.0317
97236,2000,3.24,335.54,365.39,0.918306467,140162.9818,97236,152632.0317
97236,2001,3.23,346.38,365.39,0.947973398,144691.1057,97236,152632.0317
97236,2002,2.95,356.59,365.39,0.975916144,148956.0639,97236,152632.0317
97236,2003,2.16,364.31,365.39,0.997044254,152180.8902,97236,152632.0317
97236,2004,6.85,389.28,365.39,1.065382194,162611.4488,97236,152632.0317
97236,2005,13.16,440.52,365.39,1.205615917,184015.6069,97236,152632.0317
97236,2006,18.03,519.96,365.39,1.42302745,217199.5708,97236,152632.0317
97236,2007,5.84,550.34,365.39,1.506171488,229890.0142,97236,152632.0317
97236,2008,-5.29,521.24,365.39,1.426530556,217734.2571,97236,152632.0317
97236,2009,-12.74,454.85,365.39,1.244834287,190001.5863,97236,152632.0317
97236,2010,-7.6,420.27,365.39,1.150195681,175556.7037,97236,152632.0317
97236,2011,-9.06,382.17,365.39,1.045923534,159641.4339,97236,152632.0317
97236,2012,-4.39,365.39,365.39,1.0,152632.0,97236,152632.0317
97236,2013,9.46,399.94,365.39,1.094556501,181861.0,97236,152632.0317
97236,2014,13.97,455.81,365.39,1.247461616,204440.0,97236,152632.0317
97236,2015,10.2,502.3,365.39,1.374695531,227541.0,97236,152632.0317
97236,2016,15.33,579.28,365.39,1.585374531,262261.0,97236,152632.0317
97236,2017,10.1,637.78,365.39,1.745477435,287118.0,97236,152632.0317
97236,2018,8.07,689.27,365.39,1.886395358,317926.0,97236,152632.0317
97236,2019,4.01,716.94,365.39,1.962122663,329747.0,97236,152632.0317
97236,2020,4.28,747.61,365.39,2.046060374,355624.0,97236,152632.0317
97236,2021,13.77,850.54,365.39,2.32775938,399634.0,97236,152632.0317
97236,2022,10.77,942.13,365.39,2.578423055,439571.0,97236,152632.0317
97266,1978,.,100.0,345.27,0.289628407,39528.6465,97266,136480.5578
97266,1979,15.82,115.82,345.27,0.335447621,45782.07837,97266,136480.5578
97266,1980,-2.1,113.39,345.27,0.32840965,44821.53226,97266,136480.5578
97266,1981,.,-1.0,345.27,-0.002896284,-395.286465,97266,136480.5578
97266,1982,.,-1.0,345.27,-0.002896284,-395.286465,97266,136480.5578
97266,1983,.,123.05,345.27,0.356387755,48639.99951,97266,136480.5578
97266,1984,-5.72,116.01,345.27,0.335997915,45857.1828,97266,136480.5578
97266,1985,9.2,126.68,345.27,0.366901266,50074.88938,97266,136480.5578
97266,1986,-11.15,112.55,345.27,0.325976772,44489.49163,97266,136480.5578
97266,1987,-1.42,110.96,345.27,0.32137168,43860.98615,97266,136480.5578
97266,1988,-2.59,108.08,345.27,0.313030382,42722.56113,97266,136480.5578
97266,1989,11.99,121.04,345.27,0.350566224,47845.47372,97266,136480.5578
97266,1990,14.41,138.47,345.27,0.401048455,54735.3168,97266,136480.5578
97266,1991,10.38,152.85,345.27,0.44269702,60419.53617,97266,136480.5578
97266,1992,8.71,166.15,345.27,0.481217598,65676.84615,97266,136480.5578
97266,1993,10.18,183.07,345.27,0.530222724,72365.09314,97266,136480.5578
97266,1994,6.78,195.48,345.27,0.56616561,77270.59817,97266,136480.5578
97266,1995,15.97,226.7,345.27,0.656587598,89611.4416,97266,136480.5578
97266,1996,8.57,246.12,345.27,0.712833435,97287.90475,97266,136480.5578
97266,1997,9.62,269.81,345.27,0.781446404,106652.2411,97266,136480.5578
97266,1998,5.7,285.18,345.27,0.82596229,112727.7941,97266,136480.5578
97266,1999,2.66,292.77,345.27,0.847945086,115728.0183,97266,136480.5578
97266,2000,2.91,301.3,345.27,0.87265039,119099.8119,97266,136480.5578
97266,2001,4.23,314.05,345.27,0.909578011,124139.7143,97266,136480.5578
97266,2002,3.01,323.52,345.27,0.937005822,127883.0771,97266,136480.5578
97266,2003,3.05,333.39,345.27,0.965592145,131784.5546,97266,136480.5578
97266,2004,6.35,354.56,345.27,1.026906479,140152.769,97266,136480.5578
97266,2005,13.01,400.67,345.27,1.160454137,158379.4279,97266,136480.5578
97266,2006,18.55,474.99,345.27,1.375705969,187757.118,97266,136480.5578
97266,2007,7.41,510.17,345.27,1.477597243,201663.2958,97266,136480.5578
97266,2008,-2.74,496.18,345.27,1.437078229,196133.2382,97266,136480.5578
97266,2009,-12.2,435.63,345.27,1.261708228,172198.6427,97266,136480.5578
97266,2010,-9.11,395.96,345.27,1.146812639,156517.6287,97266,136480.5578
97266,2011,-10.07,356.08,345.27,1.031308831,140753.6044,97266,136480.5578
97266,2012,-3.04,345.27,345.27,1.0,136481.0,97266,136480.5578
97266,2013,10.72,382.28,345.27,1.107191473,158718.0,97266,136480.5578
97266,2014,15.95,443.24,345.27,1.28374895,184702.0,97266,136480.5578
97266,2015,11.9,496.0,345.27,1.436556898,215999.0,97266,136480.5578
97266,2016,17.44,582.49,345.27,1.687056507,256004.0,97266,136480.5578
97266,2017,10.68,644.71,345.27,1.867263301,290090.0,97266,136480.5578
97266,2018,7.05,690.15,345.27,1.998870449,313009.0,97266,136480.5578
97266,2019,3.36,713.35,345.27,2.06606424,319566.0,97266,136480.5578
97266,2020,4.37,744.5,345.27,2.156283488,340832.0,97266,136480.5578
97266,2021,12.69,838.98,345.27,2.429924407,391612.0,97266,136480.5578
97266,2022,10.37,926.01,345.27,2.681988009,412646.0,97266,136480.5578
97267,1976,.,100.0,545.32,0.183378567,40057.82701,97267,218443.3423
97267,1977,26.94,126.94,545.32,0.232780753,50849.40561,97267,218443.3423
97267,1978,22.21,155.13,545.32,0.284475171,62141.70705,97267,218443.3423
97267,1979,17.88,182.88,545.32,0.335362723,73257.75404,97267,218443.3423
97267,1980,2.96,188.29,545.32,0.345283503,75424.88249,97267,218443.3423
97267,1981,-1.36,185.73,545.32,0.340589012,74399.40211,97267,218443.3423
97267,1982,-7.92,171.02,545.32,0.313614025,68506.89576,97267,218443.3423
97267,1983,10.8,189.49,545.32,0.347484046,75905.57641,97267,218443.3423
97267,1984,-4.05,181.81,545.32,0.333400572,72829.13529,97267,218443.3423
97267,1985,-4.72,173.23,545.32,0.317666691,69392.17374,97267,218443.3423
97267,1986,1.35,175.56,545.32,0.321939412,70325.52111,97267,218443.3423
97267,1987,0.84,177.03,545.32,0.324635077,70914.37116,97267,218443.3423
97267,1988,6.6,188.72,545.32,0.346072031,75597.13114,97267,218443.3423
97267,1989,8.02,203.85,545.32,0.373817208,81657.88037,97267,218443.3423
97267,1990,15.1,234.64,545.32,0.430279469,93991.68531,97267,218443.3423
97267,1991,7.43,252.09,545.32,0.462279029,100981.7761,97267,218443.3423
97267,1992,9.25,275.41,545.32,0.505042911,110323.2614,97267,218443.3423
97267,1993,7.12,295.03,545.32,0.541021785,118182.607,97267,218443.3423
97267,1994,8.82,321.06,545.32,0.588755226,128609.6594,97267,218443.3423
97267,1995,9.64,352.02,545.32,0.645529231,141011.5627,97267,218443.3423
97267,1996,6.94,376.46,545.32,0.690346952,150801.6956,97267,218443.3423
97267,1997,7.7,405.44,545.32,0.743490061,162410.4538,97267,218443.3423
97267,1998,4.55,423.89,545.32,0.777323406,169801.1229,97267,218443.3423
97267,1999,1.78,431.44,545.32,0.791168488,172825.4889,97267,218443.3423
97267,2000,2.72,443.19,545.32,0.81271547,177532.2835,97267,218443.3423
97267,2001,3.14,457.11,545.32,0.838241766,183108.3331,97267,218443.3423
97267,2002,2.44,468.24,545.32,0.858651801,187566.7692,97267,218443.3423
97267,2003,2.64,480.62,545.32,0.881354067,192525.9282,97267,218443.3423
97267,2004,7.23,515.39,545.32,0.945114795,206454.0346,97267,218443.3423
97267,2005,17.35,604.81,545.32,1.109091909,242273.7436,97267,218443.3423
97267,2006,15.34,697.61,545.32,1.279267219,279447.407,97267,218443.3423
97267,2007,8.29,755.43,545.32,1.385296707,302608.8426,97267,218443.3423
97267,2008,-2.86,733.81,545.32,1.34565026,293948.3404,97267,218443.3423
97267,2009,-11.09,652.43,545.32,1.196416783,261349.2808,97267,218443.3423
97267,2010,-8.63,596.11,545.32,1.093137974,238788.7126,97267,218443.3423
97267,2011,-5.34,564.28,545.32,1.034768576,226038.3063,97267,218443.3423
97267,2012,-3.36,545.32,545.32,1.0,218443.0,97267,218443.3423
97267,2013,7.3,585.14,545.32,1.073021345,238529.0,97267,218443.3423
97267,2014,10.89,648.88,545.32,1.189906844,261215.0,97267,218443.3423
97267,2015,10.5,717.02,545.32,1.314860999,292500.0,97267,218443.3423
97267,2016,13.93,816.94,545.32,1.498092863,340776.0,97267,218443.3423
97267,2017,9.33,893.2,545.32,1.637937358,362664.0,97267,218443.3423
97267,2018,5.2,939.69,545.32,1.723190054,388793.0,97267,218443.3423
97267,2019,3.22,969.9,545.32,1.778588719,398146.0,97267,218443.3423
97267,2020,3.42,1003.08,545.32,1.839433727,433363.0,97267,218443.3423
97267,2021,13.21,1135.53,545.32,2.082318639,503429.0,97267,218443.3423
97267,2022,13.6,1289.94,545.32,2.365473483,539303.0,97267,218443.3423
